unique_input_record_identifier	input_title	lookup_key	lookup_key_given	database_song_code	database_song_title	database_song_writers
0d3ImMdHx7UmvJVBVmW4i3	Jekyll & Hyde	JEKYL&HYDE	JEKYL&HYDE	147248465	JEKYLL & HYDE	COLLEN A/GILLIES J
3tsbgQZTLFydy5eS2e4nJL	Tibetan Singing Bowls	TIBETANSINGINBOWL	TIBETANSINGINBOWL	143671316	TIBETAN SINGING BOWLS	SACCHETTO G/TRIVELLATO G
16LZkrK0TzZF1IVnDpUiDQ	Medizinmann	MEDIZINMAN	MEDIZINMAN	154409033	MEDIZINMANN	DOMINIK STOTZLER/DOMINIK STOTZLER
15vTpRGUFjSVWZQO1MRoHj	Keyboard Suite No. 8 in F Minor, HWV 433: III. Allemande	KEYBOARDSUITENO8INFMINORH	KEYBOARDSUITENO8INFMINORH	149146552	KEYBOARD SUITE NO. 8 IN F MINOR, HWV 433: III. ALLEMANDE	GEORGE FRIDERIC HANDEL
724f2sZLra6E3TEqjxJFlj	Jackie Jackie (Spend This Winter With Me)	JACKIEJACKIE	JACKIEJACKIE	137120326	JACKIE JACKIE	GUNNARSSON R/AGEBJOERN J
2pg8RhWlcDkcqlarzDx7tR	Short Short Twist	SHORTSHORTTWIST	SHORTSHORTTWIST	152474231	SHORT SHORT TWIST	JONES
1Wi3AiNTEtIP1rco1GlTUI	Silhouette	SILHOUETE	SILHOUETE	154267777	SILHOUETTE	NO CONCEPT/NO CONCEPT
613IMoqeB0yxuZEcAGssCw	Woman's World	WOMANSWORLD	WOMANSWORLD	141065728	WOMAN S WORLD	COLLINS J/NICHOLSON G
1yGMy97bxor9IZ9nY5Draq	Apneia	APNEIA	APNEIA	154075708	APNEIA	LAUS MATTOS PATRICIA
0UnXzesrwrJ1kx3BqVLc0d	BondiÃ©	BONDIE	BONDIE	150729178	BONDIE (FR)	CHRISTINE SALEM
5CUFE1kLTULZ6GvB6hxWRm	Ghetto Starz	GHETOSTARZ	GHETOSTARZ	121914997	GHETTO STARZ	ANDERSON/SCRUGGS/TAYLOR/JONES/SANDLIN/SC
6ntvzf9Nphr6qQNV9M77y7	Do My Thing	DOMYTHIN	DOMYTHIN	151421234	DO MY THING	MILO ROBERT/STIERNSPETZ JACOB
7lM1UzajLd21s1ZuRfpGgA	Break Up To Make Up	BREAKUPTOMAKEUP	BREAKUPTOMAKEUP	102864523	BREAK UP TO MAKE UP	BELL T/CREED L/GAMBLE K
4uczldHoOcXmCbyn9K9Z79	Il santo morto	SANTOMORTO	SANTOMORTO	145648177	IL SANTO MORTO	BRUNORI DARIO
5k2N84tO7V39kmWqMBku1T	Singing Om	SINGINOM	SINGINOM	124871928	SINGING OM	HARRISON GEORGE
3yd7CJI7dBtYEu76OrVBO4	Vapen till dom hopplÃ¶sa	VAPENTILDOMHOPLOSA	VAPENTILDOMHOPLOSA	152131427	VAPEN TILL DOM HOPPLOSA (SE)	ROBERT HURULA
55gN8z0E6r6AAQT1rDJKmO	N'importe quel gars	NIMPORTEQUELGAR	NIMPORTEQUELGAR	146154522	N'IMPORTE QUEL GARS	JULIE AUBE/VIVIANNE ROY/KATRINE NOEL
4B3W3U9Z3PAx1gUhiQYaIP	Romeo And Juliet (Love Theme)	ROMEO&JULIET	ROMEO&JULIET	101251840	ROMEO AND JULIET (LOVE THEME)	ROTA NINO
6JQRfYsQ4gECXZaIq9XflL	Rain Over Kilimantscharo	RAINOVERKILIMANTSCHARO	RAINOVERKILIMANTSCHARO	146619320	RAIN OVER KILIMANTSCHARO	STEVE MANDY
66BTx0xlzyEVhYSbWv4VW3	Ain't Got Time	AINTGOTTIME	AINTGOTTIME	121784693	AIN'T GOT TIME	WEAVER ROSELLE
2sReONNP28tO7YY7PAsTB9	Bad Spirits (Bani)	BADSPIRIT	BADSPIRIT	135226813	BAD SPIRITS (BANI)	DIABATE K/GARRETT D
2WtdEW2JY3zh4lJexJRDTs	Velle	VELE	VELE	146753697	VELLE (FROM 'SAIYAAN')	KALA NIZAMPURI/DESI CREW
6g83TC6HMgsFYvAQhphYKc	Tooth Fairy	TOOTHFAIRY	TOOTHFAIRY	136315974	TOOTH FAIRY	POEHL PETER VON
3FH8uxzN56uIBvrejurzCi	"\"Deivangal Ingae (From \"\"Anegan\"\")\""	DEIVANGALINGAE	DEIVANGALINGAE	147194614	DEIVANGAL INGAE	JAYARAJ J/VAIRAMUTHU K
7uzwzePqx93sDauRFC8pBu	The Lake Wobegon Hymn	LAKEWOBEGONHYMN	LAKEWOBEGONHYMN	134300362	LAKE WOBEGON HYMN	/DVORAK/ARR/KEILLOR G/HEMBERG V
74CVaqpAlFgkSCNQrkz65f	Surfin' Safari	SURFINSAFARI	SURFINSAFARI	101418620	SURFIN SAFARI	WILSON B/LOVE M
7F0NriJNf3d0MN1qu9dzZt	It Must Have Been Love	ITMUSTHAVEBEENLOVE	ITMUSTHAVEBEENLOVE	100217500	IT MUST HAVE BEEN LOVE	GESSLE PER HAKAN
68CS9l3vBPG0tsAeVjSV44	Little Deuce Coupe (Mono)	LITLEDEUCECOUPE	LITLEDEUCECOUPE	100631534	LITTLE DEUCE COUPE	CHRISTIAN R/WILSON B
4RhekQNNxA2yAqkKhydaQo	Wonderful Maker	WONDERFULMAKER	WONDERFULMAKER	132676560	WONDERFUL MAKER	/REDMAN M/TOMLIN C
3lfTxWNetunmGfEBvGE1K9	Lovechild	LOVECHILD	LOVECHILD	145042817	LOVECHILD	BAUMGARTNER PETER (DE)
5SzqVRrSXbPeUGT5pUjsUo	He Will Break Your Heart	HEWILBREAKYOURHEART	HEWILBREAKYOURHEART	101225899	HE WILL BREAK YOUR HEART	CARTER C/MAYFIELD C/BUTLER J
0ZfLFldhoCYY5McK1ZyLVN	Stand On It	STANDONIT	STANDONIT	100153065	STAND ON IT	SPRINGSTEEN BRUCE
6uzLsVw7NSneF0LAM3onNz	Slipstream	SLIPSTREAM	SLIPSTREAM	100450815	SLIPSTREAM	PORTER G/SHAKESPEARE C
54ijM3PLfwmflMzL3gTXMe	please don't give up on me	PLEASEDONTGIVEUPONME	PLEASEDONTGIVEUPONME	153661513	PLEASE DON'T GIVE UP ON ME	OLLI SUOMINEN
6Xlvt1plyWi2XtgwMuVjRT	In Boxes	INBOXE	INBOXE	148084267	IN BOXES	AKSNES A/ERFJORD E/MICHELSEN H
36GlqLI1HidbyM2MejigCz	Be Around	BEAROUND	BEAROUND	150820547	BE AROUND	MICHAL MARTYNIUK/MICHAL MARTYNIUK
4opHu54LNM02cZBJdrTlrD	Brooklyn Love	BROOKLYNLOVE	BROOKLYNLOVE	149020876	BROOKLYN LOVE	ROBINSON/KRONLUND
5jgHQfMXmSu4hx8bXxKW0n	You'll Be In My Heart	YOULBEINMYHEART	YOULBEINMYHEART	155991579	YOU'LL BE IN MY HEART	PHIL COLLINS
0E1JWnV8GQBKP6ASutH49L	Summer Breeze	SUMERBREEZE	SUMERBREEZE	134999304	SUMMER BREEZE	RAGONE V/GERL G
0hFwmmJgNa3dPF4t9bmlRb	Shuckin' Sugar	SHUCKINSUGAR	SHUCKINSUGAR	151348465	SHUCKIN' SUGAR	JEFFERSON
5nAsQUkBZpPXUByLBune0f	Finis les	FINI	FINI	106851132	FINI	THORN J/THORN F
2ZHuQYIi971HfdtVikOVVP	I'm So Hot for You	IMSOHOTFORYOU	IMSOHOTFORYOU	115690797	IM SO HOT FOR YOU	ORLANDO ROBERT PHILLIP
7lEJ8WNvXX11pS5vVZHnFI	Seksa	SEKSA	SEKSA	149558160	SEKSA	SAARI AMRI
22f7qyXI4Ra0ypejTl3h3h	Cruise Control	CRUISECONTROL	CRUISECONTROL	133449901	CRUISE CONTROL	WADSWORTH/COBRAY/LINQUIST/GODWIN/GARZA
6SvpYxDBNdGpMescXqPRML	Un Uomo Diverso	UOMODIVERSO	UOMODIVERSO	149146931	UN UOMO DIVERSO	FRANCESCO DE BENEDITTIS/FRANCESCO GAZZE/
5g2FD6C9187XBxyUkIPXI6	Move to Bremerton	MOVETOBREMERTON	MOVETOBREMERTON	118049262	MOVE TO BREMERTON	HERRERA MICHAEL A
4j0RSHgte6Q37dET4402zl	Dirt Bike	DIRTBIKE	DIRTBIKE	108477722	DIRT BIKE	LINNELL J/FLANSBURGH J
5AtWnHvZLuOIJGLi7vd6N9	Making Love Out Of Nothing At All	MAKINLOVEOUTOFNOTHINATAL	MAKINLOVEOUTOFNOTHINATAL	150186411	MAKING LOVE OUT OF NOTHING AT ALL	STEINMAN J
59yBszMHZVBwpmoATwLYlk	I Wonder (Live 1961)	IWONDER	IWONDER	111003524	I WONDER	SYKES ROOSEVELT
05dwNAqhI33dDdl6O1HXKj	M'innamoro di te	MINAMORODITE	MINAMORODITE	135027419	M'INNAMORO DI TE	FARINA D/MINELLONO C
1UYfeo5RWoJqToShNR7z90	Everything To Me	EVERYTHINTOME	EVERYTHINTOME	152962119	EVERYTHING TO ME	HEMPHILL JACOB CHARLES
5xpCvHcPwM6vRKgnZoCMM0	My Little Suede Shoes	MYLITLESUEDESHOE	MYLITLESUEDESHOE	100310023	MY LITTLE SUEDE SHOES	PARKER CHARLIE (USA)
65QSX3J0dpedyim10KFcqD	Ein paar Runden	PARRUNDEN	PARRUNDEN	153607618	EIN PAAR RUNDEN	EBELHAEUSER K/MADSEN S/MADSEN S
7olpGfJNBUY2FMfEgKkRL9	Renaissance	RENAISANCE	RENAISANCE	152893301	RENAISSANCE	MUDRACK TONI
0R98xUB64hLacrTOhLtdJ0	Renegade	RENEGADE	RENEGADE	151735829	RENEGADE	RICHARDS G/CHIEN D/GIBBS F
3tteVlYj7b3DtrRIeKXwIX	We Rise Again	WERISEAGAIN	WERISEAGAIN	142667507	WE RISE AGAIN	CHARLES/RYABTZEV/GOBENA/ERAZO-SEGOVIA/LE
0bcJNyPGEqSJ26jdD1QFGF	Mercy Tree	MERCYTREE	MERCYTREE	143728115	MERCY TREE	NEALE M/NORDHOFF K
1NsbdxXsMS3m8Q79P6GWLo	...calling	CALIN	CALIN	153591494	CALLING	NONCHALANT SAVANT
5zM3K85G6XQ1NWTiMB37Zv	Choose That One	CHOOSETHATONE	CHOOSETHATONE	147526269	CHOOSE THAT ONE	DOYLE PATRICK
5Unqje8E2DNjcSD0VKJvYu	I Love You So Much	ILOVEYOUSOMUCH	ILOVEYOUSOMUCH	153386735	I LOVE YOU SO MUCH	LEONARD CASTON/LEONARD CASTON/SUGAR PIE
3LkiH06MgIdAeWQyF5LMzH	Bro, bro breja	BROBROBREJA	BROBROBREJA	141689863	BRO, BRO BREJA	TRADITIONELL
2eK4surM0e3FMluNE9hqMR	Anonymous	ANONYMOU	ANONYMOU	147201247	ANONYMOUS	DJ EMERSON
31HrK1wyC3VvptHdj9JXvB	Electric Blues / Old Fashioned Melody	ELECTRICBLUESOLDFASHIONED	ELECTRICBLUESOLDFASHIONED	135716363	ELECTRIC BLUES/OLD FASHIONED MELODY	TOM PIERSON/GALT MACDERMOT
2aLxKSzpkAZfNQ7cmrXiyj	Unconditional Love	UNCONDITIONALLOVE	UNCONDITIONALLOVE	154476646	UNCONDITIONAL LOVE	BRIGHAM S/CRESSWELL C/DARBEY J/RAMIREZ P
0zhkuIQ4345YbKjAmYkAr2	Chewin' Mi Mic	CHEWINMIMIC	CHEWINMIMIC	149512307	CHEWIN MI MIC	BABLEE/EL-KADY/ERDEVEN/RAUX/SEVRET/WAUTH
4jpaa5BZdOtVgzKNyVxSM2	Sonnet for Stevie	SONETFORSTEVIE	SONETFORSTEVIE	146265957	SONNET FOR STEVIE	TURNER MARK FREMONT
5I6d1gfpbEkJTewRNynxnQ	Onde o Nordeste Garoa	ONDEONORDESTEGAROA	ONDEONORDESTEGAROA	130085886	ONDE O NORDESTE GAROA	ONILDO ALMEIDA ONILDO ALMEIDA
5wvV1kJoSILDqdOTSFmoKA	Moon Dust	MOONDUST	MOONDUST	137550420	MOON DUST	UNKNOWN
4Tzh40NrdibXC2Nb0gZ9Wl	Jackie	JACKIE	JACKIE	144781696	JACKIE	MORT SHUMAN/JACQUES BREL/GERARD JOUANNES
1TSFiM4D3tyx6L7GD3c6Ph	Early Morning	EARLYMORNIN	EARLYMORNIN	153660431	EARLY MORNING	TREEHOUSE 707
41v7FqRpYIwdr65IGoQRbH	Beni Benimle BÄ±rak	BENIBENIMLEBIRAK	BENIBENIMLEBIRAK	141007793	BENI BENIMLE BIRAK	YAGMUR SARIGUL
2DuLCNjIszZ3g5B4XE8ONy	Surround Me with Your Love	SUROUNDMEWITHYOURLOVE	SUROUNDMEWITHYOURLOVE	135827792	SURROUND ME WITH YOUR LOVE (MENTAL OVERDRIVE REMIX)	MARTINSEN P/BERTHEUSSEN P/HANSEN S
0MkayFomiiea3ngp05amTn	Vizine (Freestyle)	VIZINE	VIZINE	154653099	VIZINE (FREESTYLE)	BOUSMARA DIVISION NO1
02fenXEY9TV3lKW33j5ipA	School's Out	SCHOOLSOUT	SCHOOLSOUT	107526722	SCHOOL'S OUT	COOPER/BRUCE/SMITH/BUXTON/DUNAWAY
0S7kfXOe4pbR1Wrkby1hGz	Malacoda	MALACODA	MALACODA	154376852	MALACODA	CASPIAN
78xYQbFUcYComSOzBpo3WT	Bimbo Satellite	BIMBOSATELITE	BIMBOSATELITE	145818029	BIMBO SATELLITE	CHRIS JOSS
7FvJQy0fu6b8nEWwcgcHT3	Old Norwegian Romance, Op. 51: I. Poco tranquillo	OLDNORWEGIANROMANCEOP51IP	OLDNORWEGIANROMANCEOP51IP	149051984	OLD NORWEGIAN ROMANCE, OP. 51: I. POCO TRANQUILLO	EDVARD GRIEG
7zvElHJqPZY4CGc3tprlwR	Fish And Mice	FISH&MICE	FISH&MICE	140209907	FISH AND MICE	THROSBY HOLLY SARAH
5WWcjsrfnJI43r1ZJbpxqO	The Motorcade	MOTORCADE	MOTORCADE	116401337	MOTORCADE	GOLDSMITH JERRY
4hkdtl3xpE5MGJajzRgiZA	Toccata II	TOCATAII	TOCATAII	147040035	TOCCATA II	ROLF LISLEVAND
08pZ47A3mehqQZ5htXkak7	Heavy Love (ASOT 818)	HEAVYLOVE	HEAVYLOVE	151940352	HEAVY LOVE	MAX V/RATA A/SONES K
3R4XTOBeXtSbcZ5ujSHmam	Give Me The Roses	GIVEMEROSE	GIVEMEROSE	132934756	GIVE ME ROSES	PATE MARY
5FIfrMB4XPezXNt1zobOwk	I Believe In (feat. Beta Bow)	IBELIEVEIN	IBELIEVEIN	140861111	I BELIEVE IN (FEAT. BETA BOW)	DEITCHER T/GUENTHER/DONNELLY H
1guyHT1SrCFHwfdCvZ8J2x	Introduction: Nothingness	INTRODUCTIONNOTHINGNES	INTRODUCTIONNOTHINGNES	149164855	INTRODUCTION; NOTHINGNESS	CALNIN HAYDEN RICHARD
0kRHPaomykhU8eKJjoTBfO	Red River	REDRIVER	REDRIVER	109439785	RED RIVER	FIXSEN G/FIELDER M
5042gESl3wqaQVAdHglwVz	Taking A Chance On Love	TAKINCHANCEONLOVE	TAKINCHANCEONLOVE	144350480	TAKING CHANCE ON LOVE	DUKE/LATOUCHE/FETTER
7t3lzveOldcMW2OkM9756N	Selfie	SELFIE	SELFIE	149106119	SELFIE	/BABBU MAAN/MAAN TEJINDER SINGH
55ohhJLbz4BTwZ6GzfdbMe	If I Needed You	IFINEEDEDYOU	IFINEEDEDYOU	155922072	IF I NEEDED YOU	ZANDT VAN TOWNES
5jJYJthaXUdkHKmiS6TuXe	Distance (feat. Joey Bada$$, Issa Gold & Erick The Architect)	DISTANCE	DISTANCE	155925464	DISTANCE	JO VAUGHN VIRGINIE/JO VAUGHN VIRGINIE/MA
06lGG2WrxIGUoMMQbR3O4Z	Nostradamus	NOSTRADAMU	NOSTRADAMU	140993998	NOSTRADAMUS	THOMAS SPITZER
6Yy8nhChB5RxOHftjstcKG	Pashunfruit	PASHUNFRUIT	PASHUNFRUIT	154655105	PASHUNFRUIT	GUSTAF ISAACSON
23RXgB6zTuxiW1GheO5b6t	Suite No. 2 in F Major: Prelude - Allemande - Courante - Bourree - Sarabande - Menuet I & II - Gigue	SUITENO2INFMAJORPRELUDEAL	SUITENO2INFMAJORPRELUDEAL	145461066	SUITE NO. 2 IN F MAJOR: PRELUDE - ALLEMANDE - COURANTE - BOU	SILVIUS LEOPOLD WEISS
5MGCxdfa80nbBGcqqQWygx	Under the Bridge	UNDERBRIDGE	UNDERBRIDGE	153882290	UNDER BRIDGE	GODDE HANS
1LmkXSQbofMD4JEYqsmZcL	Silence	SILENCE	SILENCE	155899184	SILENCE	UNDERWOOD MICHAEL GEOFFREY
7xLJpKCqPI1LRStBlvmsup	Tommy Bahama	TOMYBAHAMA	TOMYBAHAMA	152179211	TOMMY BAHAMA	MYLES PARRISH
6VFmgcvCbfgoS63SfrBlgg	You Did It, You Did It	YOUDIDITYOUDIDIT	YOUDIDITYOUDIDIT	102086696	YOU DID IT YOU DID IT	KIRK ROLAND
5ZTgFaoPKdJZa7EvAXXYcy	Melkweg Bass	MELKWEGBAS	MELKWEGBAS	153886355	MELKWEG BASS	LIAM MCLEAN
2fCJg4P5QlKNecepq5zo22	S'posin'	SPOSIN	SPOSIN	138534769	SPOSIN	PAUL DENNIKER
4GMAyVjTpL9vgKd7aZJkSd	Indigo	INDIGO	INDIGO	152818016	INDIGO	PLUSMA
5dOuPV9NHt5uWqxvhVbA0n	Bald Butte	BALDBUTE	BALDBUTE	152108675	BALD BUTTE	WALL COLTER BRADLEY
1tpcdO2cqYuY0EsqvxZazE	La Violetera	VIOLETERA	VIOLETERA	101460588	VIOLETERA (ORIGINAL VERSION)	PADILLA-SANCHEZ J/MONTESINOS L
0BaUwLv2lSBwIwGTzjgIXR	Frank	FRANK	FRANK	102767975	FRANK	MATTHEWS CHRISTOPHER STEPHEN
2WyUzDQjzQfPMz1EGsjLw2	Operation New Me	OPERATIONNEWME	OPERATIONNEWME	153072633	OPERATION NEW ME	MORIUCHI/JAMIL/MCKAY/GUTSTADT/PETERS
00qSzFGT8c6Om96MRK3uSt	Mama Raised Me	MAMARAISEDME	MAMARAISEDME	119457963	MAMA RAISED ME	BROADUS C/ANDERSON D/MILLER P/TAPP J
745RHtUOB8KIetZUqQ4zEZ	Leave a Light On (feat. Tom Walker)	LEAVELIGHTON	LEAVELIGHTON	136760798	LEAVE LIGHT ON	EARLY ROBERT JOHN
2dAiHAa3buEDWlj0uyBDBc	Donalina	DONALINA	DONALINA	149026102	DONALINA	AVIV COHEN
5faqpitzDhJKv3huL8nJhp	Wetin We Gain	WETINWEGAIN	WETINWEGAIN	154575604	WETIN WE GAIN	VICTOR AD
5pJ4txCueCm3vSLHp2tx3A	What You Do	WHATYOUDO	WHATYOUDO	151793060	WHAT YOU DO	BRIGANTE MICHAEL GINO
4OEpeTynFu4UgdkspM3WzC	Oboe Concerto in C Minor: Adagio	OBOECONCERTOINCMINORADAGI	OBOECONCERTOINCMINORADAGI	147895577	OBOE CONCERTO IN C MINOR: ADAGIO	GEORG PHILIP TELEMANN
0XD8PIk6ZPrvuOZI8kZON0	Some Fun Now	SOMEFUNNOW	SOMEFUNNOW	101698377	SOME FUN NOW	ASHMAN H/MENKEN A
5QlmJpzQ2SyTP54loicFyQ	Three Four	THREEFOUR	THREEFOUR	153765557	THREE FOUR	LEWIS S/GORDON K
2XRyW3Kbd7ln1b78CJ0U5u	Offering	OFERIN	OFERIN	128264872	OFFERING	DINKJIAN ARA G
5NSxCIccne0LGgtEw5egrr	Crazy Beat	CRAZYBEAT	CRAZYBEAT	135407705	CRAZY BEAT	RHODES J/FALLIN J
1XoJocoi2Kz18kqFgZVWDN	Free My Way	FREEMYWAY	FREEMYWAY	120279205	FREE MY WAY	BROWN IAN GEORGE
7p1kmc8AVgYHKLxDnGIY2H	You Can't Outrun 'Em	YOUCANTOUTRUNEM	YOUCANTOUTRUNEM	141064988	YOU CAN'T OUT RUN EM	LEWIS JENNY DIANE
6Oo0MdVI6g6732qbg8ad6x	Honeysuckle	HONEYSUCKLE	HONEYSUCKLE	152551943	HONEYSUCKLE	BUSBEE M/LINDSEY H/DEAN B
6P54hhvnaS5kM9nv5tHocS	Hard Headed Woman	HARDHEADEDWOMAN	HARDHEADEDWOMAN	102883048	HARD HEADED WOMAN	/DE-METRUIS CLAUDE
0kr4qhkSAiBEOvT1aoBcY6	Eenie Meenie	EENIEMEENIE	EENIEMEENIE	138853642	EENIE MEENIE	RAYMOND POUNDS/MICHAEL SEMBELLO
4Z9z2jL0LO1ikTYUZmBAtK	Besame Mucho	BESAMEMUCHO	BESAMEMUCHO	101323809	KISS ME	VELAZQUEZ C/SKYLAR S
50yv11h0Rm8BuSdFNTsX60	A Father of Very Little Brain	FATHEROFVERYLITLEBRAIN	FATHEROFVERYLITLEBRAIN	154292801	A FATHER OF VERY LITTLE BRAIN	MCNEIL Z/ZANELLI G
5HgXSKXtmhbkwyw9T1s7dP	Love You For Life	LOVEYOUFORLIFE	LOVEYOUFORLIFE	134340628	LOVE YOU FOR LIFE	HARMON C/THORNTON M/BACCUS E
7muB8MHe9LwtFybCLk043k	Quero Um Baby Seu	QUEROUMBABYSEU	QUEROUMBABYSEU	141606935	QUERO UM BABY SEU	PAULO ZDANOWSKI/LUIZ CARLOS SIQUEIRA
6suUkCbptTEFsUDGqfYrkC	Come Back Baby	COMEBACKBABY	COMEBACKBABY	139113106	COME BACK BABY	MCGARRIGLE KATE
6jOuqpHYidc4HpnRwr6nRr	Sonata no. 14 in G major: III. Andante cantabile	SONATANO14INGMAJORIIIANDA	SONATANO14INGMAJORIIIANDA	149137591	SONATA NO. 14 IN G MAJOR: III. ANDANTE CANTABILE	GIUSEPPE TARTINI
0jwgNSJVOYiZwbhsnUfBPt	The Hand	HAND	HAND	124310011	THE HAND	FRAZER PAULA
788cpxNtwjpKlq6W4mgvDK	Unchained Melody	UNCHAINEDMELODY	UNCHAINEDMELODY	155760646	UNCHAINED MELODY	ZARET HY/NORTH ALEX
59qNxfwZVsasBB9qcPhmIM	Disseminate	DISEMINATE	DISEMINATE	138256676	DISSEMINATE	LEEB B/FULBER R
3K6Qgi5BlNP9J3ZcotMZMG	Road Less Traveled	ROADLESTRAVELED	ROADLESTRAVELED	133272841	ROAD LESS TRAVELLED	YOST KEVIN
7gwtPl068Bd2kYGXwMNa64	Don't You Dream	DONTYOUDREAM	DONTYOUDREAM	106744246	DON'T YOU DREAM	ROMEO T/KELLY C
7FaYqYa8EBuDx84rFDO9vW	Long Live Our Love	LONGLIVEOURLOVE	LONGLIVEOURLOVE	111126924	LONG LIVE OUR LOVE	JACKSON J/BARNES S
1T3vZiFuqP0jeKYODA9cPW	Caliente	CALIENTE	CALIENTE	152192476	CALIENTE	JONES J/KAUFHOLD A/BLANK P
5YAjpn3NzhdXBxYL5cGy89	Hello	HELO	HELO	102396774	HELLO	RICHIE LIONEL B (JR)
57glJwCgaO15nGDw8L24tJ	El Mercado	MERCADO	MERCADO	151393355	EL MERCADO	ALEX RODRIGUEZ
2JrPYgybHbfNq1GLrAfubI	"\"Love Theme from \"\"The Godfather\"\"\""	LOVETHEMEFROMGODFATHER	LOVETHEMEFROMGODFATHER	138917053	LOVE THEME FROM GODFATHER	ROTA
33HCg2N6H6ZSrzHq9lU0dN	Satanic Barbarism	SATANICBARBARISM	SATANICBARBARISM	136768349	SATANIC BARBARISM	MALONE B/HERSEMANN E
52ctAVW37gpbNcVRJ6bT0A	Sirens	SIREN	SIREN	137084316	SIRENS	DIXON GABRIEL BARRY
6zITIkNO0vAoEtvM9ZEFpM	Hanging Around	HANGINAROUND	HANGINAROUND	129640762	HANGING AROUND	HAYES GEMMA CLAIRE
2nk5cDGgASFCSinFjphaYK	Salome	SALOME	SALOME	107207857	SALOME	LLOYD-WEBBER A/BLACK D/HAMPTON C
4HDjs3LiKRVJsa9LW5tzTT	Sti Theoria	STITHEORIA	STITHEORIA	145829519	STI THEORIA	VALENTINO/HRISTODOULOS SIGANOS
6ZW4YoXdDsV6rc8clOBRn4	Marcha do Donzel	MARCHADODONZEL	MARCHADODONZEL	142320961	MARCHA DO DONZEL	BRAGA D/SUASSUNA A
6nwK4MlCvxob5Yk3NuHDXx	To the Dawn	TODAWN	TODAWN	117610167	SEPT CHANSONS (FOR CHORUS) (1936)	POULENC F/GRINDEL E
5Ma5oifXhrs1lq56lV59hI	Whispers	WHISPER	WHISPER	135233071	WHISPERS	RUDD XAVIER PETER I
0zxWRrstHxE3fYI5QleMxf	I Want You	IWANTYOU	IWANTYOU	151071826	I WANT YOU	DE ANGELIS M/BURKE D/KAZ G
1EhM3WRdenmzHQ3YUzAh0m	Juancho	JUANCHO	JUANCHO	133386189	JUANCHO (CUMBIA)	ROSALES A/JUNCO L
5CGzGHQydEhSQVOC3CW7Oh	Festival Crash	FESTIVALCRASH	FESTIVALCRASH	146749998	FESTIVAL CRASH	CORSTEN FERRY
0RClguMsTbVPYKzY27TzyL	Espirais	ESPIRAI	ESPIRAI	135247662	ESPIRAIS	DE CASTILHO A/LEMOS A
43qiUSR7w0b7NrjV0dm6b2	Superheld	SUPERHELD	SUPERHELD	134458905	SUPERHELD	HUENECKE K/STRATE J/GROETSCH N/SINN J
07WNFI1IZp7EXGOL2YyCzw	Slow Ruin	SLOWRUIN	SLOWRUIN	144389452	SLOW RUIN	SANNHET
0OA2aD6f3nP17nZtx2udzh	Poor Boy	POORBOY	POORBOY	146810911	POOR BOY	DAVIDSON D/AKINS R/FARR T/HAYSLIP B
7xRPfG0cM9klqDigaRl9VP	Whiskey Ghost	WHISKEYGHOST	WHISKEYGHOST	144580879	WHISKEY GHOST	NICHOLSON G/HAMBRIDGE T
4BEwHBh3V461UyBK2mGpq5	First Light	FIRSTLIGHT	FIRSTLIGHT	152628496	FIRST LIGHT	MICHAELSON D/LINDNER A
0jacpERIrAsZmr803d2Uk5	Anathema	ANATHEMA	ANATHEMA	155928285	ANATHEMA	DAVID ARNOLD
6ppg2EReeJMf4ntrwwIkWp	DANCE WITH ME NOW!	DANCEWITHMENOW	DANCEWITHMENOW	149435577	DANCE WITH ME NOW! (PKCZR REMIX)	KURA T/MICHICO/MICHICO
0ej4nOozKUrCOU7ysxNXLh	What's New	WHATSNEW	WHATSNEW	137588352	WHAT S NEW	UNKNOWN
3vJuG3Uc9yUmB79azIEGDE	Last Night	LASTNIGHT	LASTNIGHT	110753011	LAST NIGHT	ANDERSON EMMA VICTORIA JANE
48GzqZeI4CJLdxJ4o5WWMk	#thatPOWER	THATPOWER	THATPOWER	144169068	#THATPOWER	BIEBER J/ADAMS W/LEROY D/STOLYAROV A
6RyCki6lEPqMMau369wPyW	Long on Love	LONGONLOVE	LONGONLOVE	119329225	LONG ON LOVE	LEE R/VILLANUEVA T
637SM8vCqY6uNFvnLLEipf	Redwing	REDWIN	REDWIN	120938980	REDWING	BANKS ANTHONY GEORGE
7Ijlt1DIrpT3kEU2JaKa0f	Prayer for Travelling	PRAYERFORTRAVELIN	PRAYERFORTRAVELIN	148664064	PRAYER FOR TRAVELLING	GABRIEL JACKSON
71piNzA61VqdBPbTmRPsYb	Albatross	ALBATROS	ALBATROS	147465517	ALBATROSS (FROM 'MAN ON WIRE')	A GREEN P
7GzI0Jk377Qpch8KtHvyKq	Sem Ti	SEMTI	SEMTI	145983679	SEM TI	ANSELMO RALPH/ANSELMO RALPH/NELLSON KLAS
0NdWmjRN9DUT7k7QpMMEYk	Thanu Vethikina	THANUVETHIKINA	THANUVETHIKINA	154545022	THANU VETHIKINA	GOPI SUNDAR/SIRIVENNELA SEETHARAMA SASTR
6IF3S46wTRtaQimGtURfmM	Umpa Lumpa	UMPALUMPA	UMPALUMPA	135909108	UMPA LUMPA	LODERBAUER M/THIEL T
6D0XmEAG67nJF3ygIVZCOO	Quickdraw	QUICKDRAW	QUICKDRAW	135600177	QUICKDRAW	SANTILLA/DEXTER/CAMPBELL/DOCHSTADER/MACK
3bRUvmYOZ8tqguEGWyVmYE	Mittelfinga hoch	MITELFINGAHOCH	MITELFINGAHOCH	148279340	MITTELFINGA HOCH	BROWN W/ZEMICHIEL R/SORGE S
53jogSv23P6DFcOHcZrDs9	Save Me	SAVEME	SAVEME	139728997	SAVE ME	BAKER/SULLIVAN/SANDERS/HANER/SEWARD
55426eqWLGsLRzCHp0mlxA	Am I Right?	AMIRIGHT	AMIRIGHT	104627919	AM I RIGHT	CLARKE V/BELL A
6usHxH3iCQC3ETkIWG36Km	Disappear	DISAPEAR	DISAPEAR	136792481	DISAPPEAR	EISENSTIEN/HANLEY/MCKENNA/RIEBLING
70Vc2mCfevAjiM6O1vfGXR	Dipped In Ice	DIPEDINICE	DIPEDINICE	155319678	DIPPED IN ICE	GIBSON/HARPER/MARTINEZ/BORRI/CORBETT/HOL
6Pbwhr9C4ddhsKLbnd6Ydg	Blue Fiddle	BLUEFIDLE	BLUEFIDLE	145412028	BLUE FIDDLE	MORAVEC VINCENT PAUL
3gW8N0jXhpnaw4R25UsRIL	Shake Your Money Maker	SHAKEYOURMONEYMAKER	SHAKEYOURMONEYMAKER	103461019	SHAKE YOUR MONEY MAKER	JAMES ELMORE
4IB3eXd1V1aCdJFYS7mU7T	Three Guesses	THREEGUESE	THREEGUESE	136531862	THREE GUESSES	SCOTT L/SCOTT L
3PsNZLdClHYTnpQ8RS9fyG	Be Ma Fela	BEMAFELA	BEMAFELA	149753201	BE MA FELA	TIAGO NOVO
1TUQrPj7jp0uc3cmS6kCzr	Finally	FINALY	FINALY	148392992	FINALLY	PAULINE HENRY
4dgbAhd966nEBgVhsG6HoT	Sahaja (Relaxing Yoga Music)	SAHAJA	SAHAJA	149732029	SAHAJA (YOGA MUSIC)	NIEZNANY/MARCO RINALDO
6Yp57oaKt49cLiACXsWz7p	Batyar (Bigmouth Strikes Again)	BATYAR	BATYAR	119720748	BATYAR	MORRISSEY S/MARR J
15cSr8Q5KzlSg6c3swnTrw	The Window up Above	WINDOWUPABOVE	WINDOWUPABOVE	100521810	WINDOW UP ABOVE	JONES GEORGE
7b0TbASq3JHtj54SDVJQWJ	The Breeze And I	BREEZE&I	BREEZE&I	101049552	BREEZE AND I	LECUONA-CASADO E/STILLMAN A
3OnclyqyU6kYhf3Swix1SS	Siete homicidios	SIETEHOMICIDIO	SIETEHOMICIDIO	144918347	SIETE HOMICIDIOS	RODRIGO MIRANDA/RODRIGO MIRANDA
1TbuDl6GklIG7zy5fSiNni	Nessun Dorma	NESUNDORMA	NESUNDORMA	146604713	NESSUN DORMA	GIACOMO PUCCINI/ARR HOUSEMAN
0rH0nZVbFR4ny1lN1PNSfC	You Don't Want to Get You One of Those	YOUDONTWANTTOGETYOUONEOFT	YOUDONTWANTTOGETYOUONEOFT	152879414	YOU DON'T WANT TO GET YOU ONE OF THOSE	KNOPFLER MARK
3JDPO6psvw4EZYAHOJVNd7	Go into Your Dance	GOINTOYOURDANCE	GOINTOYOURDANCE	200452605	GO INTO YOUR DANCE	WARREN HARRY
7jqCebvd30ZSaQBfwV2Na5	Book II: Prelude and Fugue No. 17 in A-Flat Major, BWV 886	BOOKIIPRELUDE&FUGUENO17IN	BOOKIIPRELUDE&FUGUENO17IN	153698329	BOOK II: PRELUDE AND FUGUE NO. 17 IN A-FLAT MAJOR, BWV 886	JOHANN SEBASTIAN BACH
296LoOFurYUNo0xr6diEES	OdyssÃ©e	ODYSEE	ODYSEE	149635375	ODYSSEE	FEVRE B/GIORDANO J
2UYdO5OLRIaWQhTTNCy7Dx	Unvergesslich (Inoubliable)	UNVERGESLICH	UNVERGESLICH	147930907	UNVERGESSLICH (INOUBLIABLE)	CHARLES AZNAVOUR/PIERRE DELANOE
6VwGytUkC11Mj5kcHXggYj	Eravamo Re	ERAVAMORE	ERAVAMORE	148133243	ERAVAMO RE	FINI C/TOGNINI S
67bkRbYTDuhYXIwdIF0dkA	Caminando	CAMINANDO	CAMINANDO	147579044	CAMINANDO	CAMILO VELASQUEZ/VERONICA ATEHORTUA
4XpoKWfMZzerw1R7uX5LMs	Boogie Magic	BOOGIEMAGIC	BOOGIEMAGIC	141798782	BOOGIE MAGIC	COFFEY DENNIS JAMES
5EKCupOjtK8BBz8MUw8WWX	Looking Through Darkness	LOOKINTHROUGHDARKNES	LOOKINTHROUGHDARKNES	110954748	LOOKING THROUGH DARKNESS	ELAM K/HARRIS D
78SCz6GkX5zPta7X1DsZnZ	Que Te Vaya Bonito	QUETEVAYABONITO	QUETEVAYABONITO	103736383	QUE TE VAYA BONITO	JIMENEZ-SANDOVAL JOSE ALFREDO
1YMRTLjJC5gK4ZfULfm17T	Shoes	SHOE	SHOE	134727555	SHOES	TABOR T/GASKILL J/PINNICK D
2BAyouVbATFhG3qX9ZHuwQ	Bedrock	BEDROCK	BEDROCK	114102288	BEDROCK	SKELTYS/CRAWFORD/MALNECK/SIGNORELLI/PARI
4rxTIrp20yS9TlGKOtP5pG	Pusti Micu, Gadan Je U Picu	PUSTIMICUGADANJEUPICU	PUSTIMICUGADANJEUPICU	141448081	PUSTI MICU, GADAN JE U PICU	BAJA MALI KNINDZA/BAJA MALI KNINDZA
2jpvd0imsQzgdoIXEBdNxj	Birds	BIRD	BIRD	136830106	BIRDS	TORRINI E/CAREY D
1jP3M6DPaKEIP8GQpTdHNX	Too Much	TOOMUCH	TOOMUCH	152085617	TOO MUCH	KHARBOUCH K/KIMBLE L/LUSTIG A
7ggMd2kMLvHxFRpUocaJvE	Fata Morgana	FATAMORGANA	FATAMORGANA	150834963	FATA MORGANA	ANDREAS CREMER/PHILIPP HANDKE
4HInoGZUGFFjFWq3IAwKTw	Superfine Love	SUPERFINELOVE	SUPERFINELOVE	105190169	SUPERFINE LOVE	WALDEN N/BIANCANIELLO L/COHEN J
4I1keiyuvoJkcGdk8Efq3D	Reunion	REUNION	REUNION	124861012	REUNION	MULLIGAN GERRY
3s8gmcDD3MLdyPeyDoEIK8	Botanist	BOTANIST	BOTANIST	138775177	BOTANIST	YELDHAM SAMUEL THOMAS
14iXpUJUEoXM9ADK29zT9h	Plea Bargain	PLEABARGAIN	PLEABARGAIN	110402131	PLEA BARGAIN	SHAIMAN MARC
07g2acZ6kljLjk0Xif8MtC	You Started Something	YOUSTARTEDSOMETHIN	YOUSTARTEDSOMETHIN	111631482	YOU STARTED SOMETHING	WATERMAN P/STOCK M/AITKEN M
4tu2wvKfJeaKS8uIySXrHR	Em Algum Lugar no Tempo	EMALGUMLUGARNOTEMPO	EMALGUMLUGARNOTEMPO	154528419	EM ALGUM LUGAR NO TEMPO	MIGUEL/BRUNO/ALVARO/COELHO/MANNO GOES
7bgL7kWbCPhFh9ccpmlikL	Nu Exciters	NUEXCITER	NUEXCITER	148909829	NU EXCITERS	RALF ECKERT/PETER LASALLE
3EPleXomzYCh6w1bkBHhEF	Hats (Makes Me Wanna Holler)	HAT	HAT	146302347	HATS (MAKES ME WANNA HOLLER)	BULL R/MAUNICK E
1xeMq87xBMSLpjXo85jIOQ	Country Roads	COUNTRYROAD	COUNTRYROAD	154302588	COUNTRY ROADS	JOHN DENVER/TAFFY NIVERT/WILLIAM THOMAS
1NIgovf0IUMcggtYPJRp6C	The Final Absolution	FINALABSOLUTION	FINALABSOLUTION	154074310	THE FINAL ABSOLUTION	DE CALUWE/LEIJ/JELEKIS/FRANCESCHINI/BEDE
0uzhVVCG73nBIngV1hpyvY	I Can't Let Go	ICANTLETGO	ICANTLETGO	100881406	I CANT LET GO	GORGONI A/TAYLOR C
7KYItmZqiTnvfuO42oc6Og	Agar Tu Hota	AGARTUHOTA	AGARTUHOTA	149986704	AGAR TU HOTA	TIWARI A/UPADHYAY A
2mmFemFfAyv9kGffdjhGqC	Alguien Que Se Cruce En Mi Camino	ALGUIENQUESECRUCEENMICAMI	ALGUIENQUESECRUCEENMICAMI	147919020	ALGUIEN QUE SE CRUCE EN MI CAMINO	EDUARDO FRANCO/CACHO VALDEZ/EDUARDO FRAN
5eDYqeMnqFNAHochPlvD9b	Taco Wagon	TACOWAGON	TACOWAGON	128848155	TACO WAGON	DALE DICK
5U9MWOE39IQ7dcPDT0XO3T	Mother Goose: i. Sleeping Beauty	MOTHERGOOSEISLEEPINBEAUTY	MOTHERGOOSEISLEEPINBEAUTY	150173612	MOTHER GOOSE: I. SLEEPING BEAUTY	MAURICE RAVEL
47A2Tce2Zpgq0hl45qJki3	Appreciate You	APRECIATEYOU	APRECIATEYOU	153724138	APPRECIATE YOU	MONTE LEVEL KELLEY
1SzovCA1H8KPmhRm6BchKt	Trilogy for Krishna: Krishna II - Holy Denying	TRILOGYFORKRISHNAKRISHNAI	TRILOGYFORKRISHNAKRISHNAI	149046013	TRILOGY FOR KRISHNA: KRISHNA I - HOLY AFFIRMING	ARTHUR ANDRES RIBEIRO
2B8VErJAQkqP0bM6Mb33sL	Kapardina	KAPARDINA	KAPARDINA	134404180	KAPARDINA	UNKNOWN
1AWKAG5IljRnoEromiawhk	It's Too Late	ITSTOOLATE	ITSTOOLATE	133521687	IT'S TOO LATE	HUME D/HUME J/HUME P
1LGMu3k03UURXTuATa2xdg	"\"The Shadow of Your Smile (Love Theme from \"\"The Sandpiper\"\")\""	SHADOWOFYOURSMILE	SHADOWOFYOURSMILE	100484068	SHADOW OF YOUR SMILE	MANDEL J/WEBSTER P
7qLN09P7CvMTikaavrkGUr	Revitalize	REVITALISE	REVITALISE	144368966	REVITALIZE	KAYFABE LANOISE/RICO SUCHATZKI/MELANIE G
0SSIr855WMaF6rWXjZvgRo	Habit of Mind	HABITOFMIND	HABITOFMIND	140753013	HABIT OF MIND	LANG K/GRANGE J/CLARKE D
6f4OdqA93uyv2K6UeEbKXU	St. Anger	ANGER	ANGER	151962976	ANGER	DANIEL FASTRO/FREDERICO BARRETO DE OLIVE
5GoGjEsPvr0McJQiGGCnws	Man Listen	MANLISTEN	MANLISTEN	152016445	MAN LISTEN	DIEHL B/BALSHE A/KHALED K/NGUYEN D
7c6opaRm7F0yivzl40LRqJ	Undercover of My Skin	UNDERCOVEROFMYSKIN	UNDERCOVEROFMYSKIN	154098394	UNDERCOVER OF MY SKIN	WALKER B/SKUBISZEWSKI J
7koVKROalkRPaeMFFzcyfw	Das Rheingold, WWV 86A / Erste Szene: Weia! Waga! Woge du Welle! - Live At Staatsoper, Vienna / 2011	RHEINGOLDWV86AERSTESZENEW	RHEINGOLDWV86AERSTESZENEW	150498186	DAS RHEINGOLD, WWV 86A, ERSTE SZENE: WEIA! WAGA! WOGE, DU WE	RICHARD WAGNER
4INqVSyfEPwnTkHtCwhIAb	Love Me Tender	LOVEMETENDER	LOVEMETENDER	100808505	LOVE ME TENDER	PRESLEY E/MATSON V
4toHIBRIKMEEE61SusEwes	Higher - Jerry Folk Remix	HIGHERJERYFOLKREMIX	HIGHERJERYFOLKREMIX	153240634	HIGHER JERRY FOLK REMIX	MATY NOYES/KETIL JANSEN/SEBASTIAN TEIGEN
0sBjk0d2JfH0foHkt1VXPD	Rations	RATION	RATION	149517010	RATIONS	BROWN COBY
6jTuYb8VuMrlooQy45eN03	Equinox	EQUINOX	EQUINOX	143540276	EQUINOX	BURNS LUCIE/MYSLIKOVJAN IVAN
2rArUcVf6tenO8UL54keho	Jussara	JUSARA	JUSARA	133459634	JUSSARA	MOREIRA QUICAS
4aYnfoTYbbyDr6v2RaicYB	Do It Together	DOITTOGETHER	DOITTOGETHER	137389933	DO IT TOGETHER	YATES/RANKINE/BAKER/HONSON/LAMBERT
4m1opmaYT9zk5OP7IHUb9R	Call To Arms	CALTOARM	CALTOARM	149532754	CALL TO ARMS	SIMPSON JOHN STURGILL
4d0yzZtMPYKU6AmijCNpLj	Concerto for Violin and Organ in C Major, RV 808: III. Allegro	CONCERTOFORVIOLIN&ORGANIN	CONCERTOFORVIOLIN&ORGANIN	143514861	CONCERTO FOR VIOLIN AND ORGAN IN C MAJOR, RV 808: III. ALLEG	ANTONIO VIVALDI
25Q5OflSxjMcI6er7dshoS	Dionysian Urge	DIONYSIANURGE	DIONYSIANURGE	139484292	DIONYSIAN URGE	WHEELER TIMOTHY JAMES ARTHUR
0lVrzRQJbBdQnTr57e70t1	Thumbelina	THUMBELINA	THUMBELINA	103149201	THUMBELINA	LOESSER FRANK
7HsVqk0jBaixdESPtbxDwf	Adorations	ADORATION	ADORATION	102965159	ADORATIONS	COLEMAN J/FERGUSON M/RAVEN P/WALKER K
7s0CqOvyKGkyPLl6N2Bg9I	Kiss Me	KISME	KISME	109494345	KISS ME	DUFFY STEPHEN ANTHONY JAMES
3SIEL0FHZrOmYb6YdCPXER	Liebster Gott, wenn werd ich sterben, BWV 8: Recitative: Behalte nur, o Welt, das Meine! (Soprano)	LIEBSTERGOTWENWERDICHSTER	LIEBSTERGOTWENWERDICHSTER	144675517	LIEBSTER GOTT, WENN WERD ICH STERBEN?, BWV 8: VI. CHORA (NL)	JOHANN SEBASTIAN BACH
7ByyYB8M24L0dGUh5f2ZUL	Krajina je majka	KRAJINAJEMAJKA	KRAJINAJEMAJKA	143328731	KRAJINA JE MAJKA	ZIVKOVIC V/ZIVKOVIC V
4JkoBVUPDMc4PbBctG2ySs	Hulapalu	HULAPALU	HULAPALU	148208280	HULAPALU	GABALIER ANDREAS
3CKH9RNXLcvl6baYJUybCL	Koliko Je Prevarenih	KOLIKOJEPREVARENIH	KOLIKOJEPREVARENIH	147891892	KOLIKO JE PREVARENIH	ZLATKO TIMOTIC ZLAJA
7eDjwwpghuiCEVXhtel8Zy	Dankbar	DANKBAR	DANKBAR	145989523	DANKBAR	BENJAMIN STOTTMEISTER
40esUsEMmw0qwhnGMseDgR	You Lose	YOULOSE	YOULOSE	144518681	YOU LOSE	STEFAN BECHER
4nYysvyXvE31PB8KVJWDoM	Who Dat	WHODAT	WHODAT	119432337	WHO DAT	DAVIS/JOHNSTON/NKHEREANYE/STEWART/THOMPK
79xLmqnrSLtzrTlCOkmTmq	Call Upon	CALUPON	CALUPON	154676411	CALL UPON	GRAY S/MANOVSKI S/ESTRADE L/SUNDBAUM E
4x9Aig6PzVapoeeYoNocYC	Opened	OPENED	OPENED	153496331	OPENED	PATRICK ROBERT LYNCH/PHILIP ANDREWS DUCH
3YAoxvQt6hpSbmQ9HIom01	Rugged Country	RUGEDCOUNTRY	RUGEDCOUNTRY	149731795	RUGGED COUNTRY	ZAUNER MICHELLE CHONGMI
0tGIRDsFl3j5TMbK7nK2Ji	The Great Water Sequel	GREATWATERSEQUEL	GREATWATERSEQUEL	144773333	GREAT WATER SEQUEL	EVEBORN/LINDBLOM/LINDBLOM/DAHLSTEDT
5vBCcgTVe22nwY3EGMXdvh	Dixie Boogie	DIXIEBOOGIE	DIXIEBOOGIE	102380202	DIXIE BOOGIE	ATWELL WINIFRED
38casNXY2G39SZRUjALtcY	How I Roll	HOWIROL	HOWIROL	140782333	HOW I ROLL	KARLSSON/WINNBERG/LIDEHALL/JONBACK/MCKEE
4I08B4Z8l5jroZYupuna8h	Please Come Back	PLEASECOMEBACK	PLEASECOMEBACK	147424715	PLEASE COME BACK	DAG SINDRE VAGLE/DAG SINDRE VAGLE
2nwBoEYXhXKsLp0A88DZI4	The Photographer: Act II	PHOTOGRAPHERACTII	PHOTOGRAPHERACTII	142708479	THE PHOTOGRAPHER: ACT II	PHILIP GLASS
528YVqE16CenL0aLYrJOej	Yang Terlewatkan	YANGTERLEWATKAN	YANGTERLEWATKAN	138000002	YANG TERLEWATKAN	CANDRA EROSS
0NerbJg3H6xJMjAiUH4R9y	Colliepark	COLIEPARK	COLIEPARK	142360762	COLLIEPARK	SINISTARR
719sQR7qma8K6kgMlpQSOe	I Don't Mind	IDONTMIND	IDONTMIND	140766608	I DON'T MIND	MAYALL JOHN
4ZVZB9inlBtfFPUdnOu4AT	Bluebird	BLUEBIRD	BLUEBIRD	133178417	BLUEBIRD	NOONAN KATIE ANNE
35e7ckbWgHjHI9n3oL6jnd	Malade	MALADE	MALADE	131790133	MALADE	DE BUJADOUX YVES JE
2wRZk21Klib9hcPslNwyqD	Dembese	DEMBESE	DEMBESE	140785791	DEMBESE	THUSI B/MAMBISA T
7MnxdsnHrXOgnqpAv6K04d	Why Don't You Fall in Love with Me? - Remastered	WHYDONTYOUFALINLOVEWITHME	WHYDONTYOUFALINLOVEWITHME	103248453	WHY DONT YOU FALL IN LOVE WITH ME	LEWIS A/WAYNE M
252htgicGlEQdV2se6iZdJ	Dear X, You Don't Own Me	DEARXYOUDONTOWNME	DEARXYOUDONTOWNME	140170853	DEAR X YOU DON'T OWN ME	YOUNG K/GLOVER B/HAWKINS R
40nsQucs2zbec1F8JBi0iJ	New Generation	NEWGENERATION	NEWGENERATION	152169085	NEW GENERATION	CSABA ZVEKAN
2gU1CTTz1Gl05yF13Ub2Ol	Let Me Fall in Love	LETMEFALINLOVE	LETMEFALINLOVE	146202625	LET ME FALL IN LOVE	UNKNOWN
3iWHl7QFmQ9HmXgDEyzxop	Sign Of Relief	SIGNOFRELIEF	SIGNOFRELIEF	144739698	SIGN OF RELIEF	DUDLEY/HORN/JECZALIK/LANGAN/MORLEY
1aexn5XUwWBcCn8T36IYK3	Joy Through Death	JOYTHROUGHDEATH	JOYTHROUGHDEATH	152428529	JOY THROUGH DEATH	/VANHANEN/MCNERNEY/ARR/ARINO/KIISKILAE/T
4O0YeW6g2zD3uPUbqR2i5G	Any Other Way	ANYOTHERWAY	ANYOTHERWAY	134360211	ANY OTHER WAY	BELL WILLIAM (USA)
45nQhPpDCj5ORSgFPv8EHw	Rise Up	RISEUP	RISEUP	151806646	RISE UP	BANTA E/MASON A
4lJO3eyYqw9CT8mKljyJu5	Sunday Kinda Love (feat. Aaron Lindsey, PJ Morton & Nikki Ross)	SUNDAYKINDALOVE	SUNDAYKINDALOVE	145299367	SUNDAY KINDA LOVE	LINDSEY A/HOUGHTON I
58gn5gg9fpam1eQB0MLHe2	To Be By Your Side	TOBEBYYOURSIDE	TOBEBYYOURSIDE	133505468	TO BE BY YOUR SIDE	COULAIS B/CAVE N
0AjfHlfaz7JEvPMsPJNeXO	"\"Flying Theme (From \"\"E. T.\"\")\""	FLYINTHEME	FLYINTHEME	101151252	FLYING THEME (FROM E.T.)	WILLIAMS JOHN T
3PhIQPwCeWV5TfrZkuwXWp	Too Fat Polka	TOOFATPOLKA	TOOFATPOLKA	101112096	TOO FAT POLKA	MACLEAN R/RICHARDSON A
00ObrTLihRBZzDGPypzxON	Por Eso, Estoy Preso	PORESOESTOYPRESO	PORESOESTOYPRESO	131116800	POR ESO ESTOY PRESO	FINKELBERG J/FRANCO D/MOSENKIS J
2buPtPaKomtwoT8YvxO13f	L'Anno Che VerrÃ 	LANOCHEVERA	LANOCHEVERA	101388079	L'ANNO CHE VERRA	DALLA LUCIO
4drhI0HFUrZhtQFM6UTezn	A Guy That I'd Kinda Be Into	GUYTHATIDKINDABEINTO	GUYTHATIDKINDABEINTO	149019152	GUY THAT I'D KINDA BE INTO	ICONIS JOSEPH P
0FwmxfNxIpFhyWVYhFHDBw	Un mundo de zurdos	MUNDODEZURDO	MUNDODEZURDO	149298311	UN MUNDO DE ZURDOS	FERNANDO PONTON
5Xz7X81CO6r9o6nD9cMCb3	Million Miles	MILIONMILE	MILIONMILE	151422589	MILLION MILES	DUDERSTADT DIRK/DUDERSTADT MARCO
2uOctwnoNqfkEVwEwqzLHt	Africans	AFRICAN	AFRICAN	142352368	AFRICANS	WAJE S/SAMADZADA F/EGBUNA N
4lRgXXGKwulNmOP9IPFE9I	Bout Mine	BOUTMINE	BOUTMINE	129652303	'BOUT MINE	YOUNG/ROBERTS/SEYMOUR/CASTILLO/THOMPSON
11cLIOqkyRLR3huCNp3XmH	Sonata for Violin and Basso Continuo in E Minor, TWV 41:e8: IV. Allegro	SONATAFORVIOLIN&BASOCONTI	SONATAFORVIOLIN&BASOCONTI	148531178	SONATA FOR VIOLIN AND BASSO CONTINUO IN E MINOR, TWV 41:E8:	GEORG PHILIPP TELEMANN
3FF9wbD0NhvitcpIl4475p	Introducing Pikuniku Again, Trailer 2	INTRODUCINPIKUNIKUAGAINTR	INTRODUCINPIKUNIKUAGAINTR	155754994	INTRODUCING PIKUNIKU AGAIN, TRAILER 2	CALUM BOWEN
2RQsuMwdpU6kJaqXEjWQJ4	Evening Meditation	EVENINMEDITATION	EVENINMEDITATION	153047862	EVENING MEDITATION	MARCO RINALDO
3UvbQ1Z0TzAcudQGAAqzKq	Parting Gifts	PARTINGIFT	PARTINGIFT	151001008	PARTING GIFTS	CARMEN LOENE
3NelcGZ46JmV9LqOD1pnxA	Faith (feat. Quavo)	FAITH	FAITH	154082574	FAITH	GORAYA/MARSHALL/BACCHUS/ESMAILIAN
3vVwpJHliGBdF25iKpUBL9	Egyptian Fantasy	EGYPTIANFANTASY	EGYPTIANFANTASY	100067832	EGYPTIAN FANTASY	/BECHET S/REID J
0Fifn4lBIGM5LG18Whp1Dx	Corners	CORNER	CORNER	149004735	CORNERS	MICHAELS J/WHITE D/KING J/SLADE I
77mUbCKj0mRaJmDOZZHqp5	The Jinnouchi Family	JINOUCHIFAMILY	JINOUCHIFAMILY	151042344	THE JINNOUCHI FAMILY	AKIHIKO MATSUMOTO
7BFXyMBsWhla1B5Sg9eTYJ	Musik im Polkaschwung	MUSIKIMPOLKASCHWUNG	MUSIKIMPOLKASCHWUNG	151655574	MUSIK IM POLKASCHWUNG	MAYER HUBY
5OIUh3wKcgz17QJeeuN2uM	No Way Out	NOWAYOUT	NOWAYOUT	134047960	NO WAY OUT	CHENEY CHRISTOPHER JOHN
24CCu1Cu0iyKH6UpgV2DsU	We Believe (Apostle's Creed)	WEBELIEVE	WEBELIEVE	150030334	WE BELIEVE (APOSTLE'S CREED)	GETTY K/LENNOX K/TOWNEND S
0T7HXGIo3QUS0y760PQse0	Seemannslied	SEEMANSLIED	SEEMANSLIED	135676743	SEEMANNSLIED	BODEN M/HAMPF I/HECHT E/HECHT G
5lAUS46liAnSyUYg7JXlMT	Fiesta: II. Tarantella	FIESTAIITARANTELA	FIESTAIITARANTELA	143709826	FIESTA: II. TARANTELLA	SCOTT TENANT
7xnxVpJdZW2LKHuaWAD3Nl	Kadath	KADATH	KADATH	150910995	KADATH	UNKNOWN
06xImgTBqFA091xRsP7b5O	Get Me To The Church On Time	GETMETOCHURCHONTIME	GETMETOCHURCHONTIME	140010886	GET ME TO CHURCH ON TIME	UNKNOWN
7McphnwCoNfmUF8xfDmIz4	Miss U	MISU	MISU	147429460	MISS U	KRUSE/NUERNBERG/TEEANGE MUTANTS
4InHKArd1x3l1jiRuELeEj	Mas Que Nada	MASQUENADA	MASQUENADA	102139384	MAS QUE NADA	/MENEZES JORGE LIMA/JORGE BEN
1cJplXaTMuBgA4qTc90MgW	I Forgot	IFORGOT	IFORGOT	143062367	I FORGOT	TURBOWEEKEND
781CvX8B4kgvwdfVmWuv94	Cotton Candy (Craig C. Retro Blaster Remix)	COTONCANDY	COTONCANDY	141530785	COTTON CANDY	BLUMENFELD D/CASTAGNO C/CASWELL L
6ZhlMEJK5UIO1djk8qx9lm	O Caminho	OCAMINHO	OCAMINHO	133511666	O CAMINHO	GILBERTO BEBEL
34iWBchBQIeCeqy3yMLP74	En tid av stulen lycka	ENTIDAVSTULENLYCKA	ENTIDAVSTULENLYCKA	144560623	EN TID AV STULEN LYCKA	KENT FINGAL
729IOhIgI8kW0WtgdLCAXJ	The Dancing in Kyle	DANCININKYLE	DANCININKYLE	101510008	DANCING IN KYLE	DUGUID E/PRITCHARD J
6tNlelof8u1o8pIq0DBBSB	The Return	RETURN	RETURN	153517592	THE RETURN	THOMAS DOMINIC RUSSELL
0u59seilVVIiqnrxZiQPCK	Me Leva Pra Casa	MELEVAPRACASA	MELEVAPRACASA	112173518	ME LEVA PRA CASA	PISKA  /AUGUSTO CESAR  /PLOPSCHI ZENITH
3ZBFngMpeioFtHj0uryZGx	Salaa yksinÃ¤inen nainen	SALAYKSINAINENNAINEN	SALAYKSINAINENNAINEN	140359006	SALAA YKSINAINEN NAINEN	MATTI MIKKOLA
1qgmJ4zIuP3PX0M5Exdv98	Happy Go Lucky	HAPYGOLUCKY	HAPYGOLUCKY	154519614	HAPPY GO LUCKY	PAUL HARDCASTLE
1zbFYFFp003w3i6o0foVeW	Moonlight Night	MOONLIGHTNIGHT	MOONLIGHTNIGHT	131709695	MOONLIGHT NIGHT	LEEUWEN ROB
5pwfHIykTlUJzzniVC18hl	Music	MUSIC	MUSIC	126080272	MUSIC	HOFF P/SCHWARZ S/SCHWARZ A/DENALANE J
0EkGVxpPTlO5774mopmmBn	PasiÃ³n y AdiÃ³s	PASIONYADIO	PASIONYADIO	148388590	PASION Y ADIOS (IT)	MICARELLI S/GIMENEZ L
2XWOFeKVnwP6X4uJL0s9W8	Funk de Fino	FUNKDEFINO	FUNKDEFINO	122425577	FUNK DE FINO	DRINNAN GRAHAM
2FOBFj915HDE0yfLKmZogJ	Empty Batteries	EMPTYBATERIE	EMPTYBATERIE	154388178	EMPTY BATTERIES	ELIAS SORIANO/BRADLEY CHESTER KOCHMIT/RA
2152wA6Fzj72ouJNABlZMC	Omstart	OMSTART	OMSTART	134859668	OMSTART	BOEE E/OEYE E/OYAMADA K
0ygOxj62KAQpaODqo7GVFI	Jigsaw	JIGSAW	JIGSAW	153908912	JIGSAW	BILLY PAGE/BILLY PAGE/GENE PAGE/GENE PAG
2V7QMzG6hyKXQQ8RVuBAZp	Queens	QUEEN	QUEEN	151452403	QUEENS	HER/ZEFIRE
5JKiY5vBCnXPIj5mQHuhJu	Welcome to New Zealand	WELCOMETONEWZEALAND	WELCOMETONEWZEALAND	149685055	WELCOME TO NEW ZEALAND	BEE K/STENHOUSE D
6F2BORgWIvqv7HgFQ7tUi1	Battle Sirens (feat. Knife Party)	BATLESIREN	BATLESIREN	149786305	BATTLE SIRENS	SWIRE T/MORELLO T/MCGRILLEN G
7nwV6uwksCWKqIhJ2Ri7qM	Massage Lounge Music	MASAGELOUNGEMUSIC	MASAGELOUNGEMUSIC	151944427	MASSAGE LOUNGE MUSIC	MARCO RINALDO/NIEZNANY
2wsZz1q8bhTnP6I1uvmVGj	Lebe deinen Traum	LEBEDEINENTRAUM	LEBEDEINENTRAUM	146488755	LEBE DEINEN TRAUM	THOMAS HAMMERL
2hw3gvVGXnF50DMHnVBwb2	Doesn't Matter Anyway	DOESNTMATERANYWAY	DOESNTMATERANYWAY	141957722	DOESN'T MATTER ANYWAY	JON OLIVA/JON OLIVA/PAUL ONEILL/PAUL ONE
6Oq7fsdhGo8YfK9QqhT2HW	Tearing Me Up	TEARINMEUP	TEARINMEUP	129786788	TEARING ME UP	SHELTON MATTHEW
740FyKQuCtseWohjEtW2c0	Everything	EVERYTHIN	EVERYTHIN	140772638	EVERYTHING	CROSS CHRISTOPHER/MEURER ROB
666oy0OHH5qGtJgTnC6tfA	Hello (It's Me Are You There)	HELO	HELO	153466611	HELLO (IT'S ME ARE YOU THERE) (DE)	THILO JACKS
3W3P5rOSOP6gxqZFzSe8xL	Sur mon epaule	SURMONEPAULE	SURMONEPAULE	146537192	SUR MON EPAULE	ANAIS E/LAVIL P/MC NEIL D
1cEX1AYeEul6KJzUvweWdK	Got To Cry	GOTTOCRY	GOTTOCRY	142968936	GOT TO CRY	BROWN J/BROWN J
7Fx9WpTSXLTQux8MrXEGkU	The Forest Floor	FORESTFLOOR	FORESTFLOOR	151165143	THE FOREST FLOOR	CHRISTOPHER JOHNSON
4199BdsVeDq0CN0HQpHfQ4	Orange Loft	ORANGELOFT	ORANGELOFT	141002559	ORANGE LOFT	MARCEL FLORSCHUTZ
7M0GaGDy4MMGZxiVMZjMja	Chillout 69	CHILOUT69	CHILOUT69	153476452	CHILL OUT 69	MARCO RINALDO
6hWOzchcVbVHuyA5Mb88bs	Secret Agent	SECRETAGENT	SECRETAGENT	233822975	SECRET AGENT	GLASS PHILIP
2mkRpRkO1rMnUB6b9fEvYE	Just for Her	JUSTFORHER	JUSTFORHER	148380991	JUST FOR HER	LAST RESORT
08r5ou7k9ZaLiHN8TX5RWo	One For My Baby	ONEFORMYBABY	ONEFORMYBABY	101563920	ONE FOR MY BABY	ARLEN H/MERCER J
52gNbUZRu5pY9l5e1ahtkS	A Thousand Years (Sax Melody)	THOUSANDYEAR	THOUSANDYEAR	155839550	A THOUSAND YEARS	PERRI CHRISTINA JUDITH/HODGES DAVID
7dGkM8V2ONUzPfQ9FdHOVf	Recercada Romanesca	RECERCADAROMANESCA	RECERCADAROMANESCA	150905986	RECERCADA ROMANESCA	DIEGO ORTIZ
1M3S6bnTa3mRMLUZqzkUbA	Brand New	BRANDNEW	BRANDNEW	143218084	BRAND NEW	JACQUES R/MOYNAHAN R
0xdhqG3HQBOBviaMEiPgHR	Tap Tap Tap	TAPTAPTAP	TAPTAPTAP	152968073	TAP TAP TAP	DRUMCORPS
4EzUG55GQmovhxjqUWSiYo	Gate 3	GATE3	GATE3	139381677	GATE 3	GINZBURG J/PURGAS P
4yoi5sglz8YR3SX2WwPpgC	Our Father	OURFATHER	OURFATHER	146287633	OUR FATHER	FRASER B/LIGERTWOOD S/MYRIN J
2uYnPIbuOAAT6h0pLgF4vQ	Sandman	SANDMAN	SANDMAN	118640490	SANDMAN	MORAN MICHAEL
5cR93FH9SJKzkS6QhPHg7W	Llamame	LAMAME	LAMAME	136443293	LLAMAME	HORVILLEUR E/ARCAUTE R
6v8FXSmKMFGwFp23wK1DXD	Tell Me	TELME	TELME	133406117	TELL ME	/OCAMPO LOUIE/AYQUE A/OCAMPO JR J
73liEZrnhX2XNXSLifO2xM	Get Away	GETAWAY	GETAWAY	152757280	GET AWAY	JENSEN/ABA/HOEFFDING/ODBJERG/THORUP/WASA
3swIgDTjS5zcmsVzvTeTMr	The Unicorn	UNICORN	UNICORN	100125999	UNICORN	SILVERSTEIN SHEL
6rOP9e8fg8PBe5qyJzKvVa	Violet Hill	VIOLETHIL	VIOLETHIL	136581645	VIOLET HILL	BERRYMAN/BUCKLAND/CHAMPION/MARTIN
7oIPYcHVsiDZSrHYeA0ogg	Real Love	REALLOVE	REALLOVE	149960685	REAL LOVE	LENKER ADRIANNE ELIZABETH
7wZIqkXJOFzhr49aWNpsTw	Spinoza	SPINOZA	SPINOZA	143712270	SPINOZA	JOYNER E/WIDMER G
6o6OO0SPFoIDM7j4zrvuNg	Rigor Mortis	RIGORMORTI	RIGORMORTI	112290190	RIGOR MORTIS	NEVILLE/PORTER/MODELISTE/NOCENTELLI
4BoNrxrQ6V0iKkExokBoKO	Train Song	TRAINSONG	TRAINSONG	154248446	TRAIN SONG	DANNY FISHMAN
1BTzAdZzbFTMOhnpdnVYJ5	Ladies & Gentlemen	LADIES&GENTLEMEN	LADIES&GENTLEMEN	142174926	LADIES&GENTLEMEN	ISHIWATARI J/REID K/JENKINS S
4sb1gNU7avV9MXMTA4Rj4l	Quintet for Horn, Violin, 2 Violas and Bass in E-flat major, K.407: 3. Allegro	QUINTETFORHORNVIOLIN2VIOL	QUINTETFORHORNVIOLIN2VIOL	142336620	QUINTET FOR HORN, VIOLIN, 2 VIOLAS AND VIOLONCELLO IN E-FLAT	WOLFGANG AMADEUS MOZART
513XZUPAD0HDmvu6YnR4Ga	National Breakout	NATIONALBREAKOUT	NATIONALBREAKOUT	109878507	NATIONAL BREAKOUT	MARINOS J/PALAMARCHUK W/SKILL M
1N1gJIwsHY0bAQWQ4GForg	Mambo & Cola	MAMBO&COLA	MAMBO&COLA	141681635	MAMBO & COLA	BEBO BEST
0vF8iE7IpyU9zVFlkvyjAB	Drop in the Bucket	DROPINBUCKET	DROPINBUCKET	311460572	DROP-IN BUCKET (FC-P13)	AYALA REUBEN
7kXHxtI2Gx5xnnN3vwjCr8	Driftin'	DRIFTIN	DRIFTIN	142183325	DRIFTING	PETER GREEN/PETER GREEN
7FAX4dW3nnxrj44TqLhL6u	La Villanella, Prima parte, Pensieri amorosi: Avrilla mia	VILANELAPRIMAPARTEPENSIER	VILANELAPRIMAPARTEPENSIER	145576300	LA VILLANELLA, PRIMA PARTE, PENSIERI AMOROSI: AVRILLA MIA	ANONYMOUS/GIOVANNI GIROLAMO KAPSBERGER
1ZWqjA85CPleeQHeWMPcMx	Being with You	BEINWITHYOU	BEINWITHYOU	145602664	BEING WITH YOU	NORDHEIM M/POURMAND B
03PODiWrfNQ5s5gRwMPsv3	No Place Like Home	NOPLACELIKEHOME	NOPLACELIKEHOME	136419138	NO PLACE LIKE HOME	GOLD ANDREW
2vR9jqzDP339D6cFAnytV9	Chronia Polla	CHRONIAPOLA	CHRONIAPOLA	139989401	CHRONIA POLLA	GIANNIS MPLATHRAS
6DIktdaHbe32xcqQkpEycq	Ragismena Matia	RAGISMENAMATIA	RAGISMENAMATIA	153469033	RAGISMENA MATIA	ANDREAS SPYROPOULOS/VASILIS SALEAS
3MEjLuXVGxrFBLUUmq0lni	Night Time	NIGHTTIME	NIGHTTIME	124793683	NIGHT TIME	ELLINGTON D /STRAYHORN B /JULIAN D
50J6OByPbz5TYqAP0llB6z	It's Me	ITSME	ITSME	131231692	IT'S ME	JERKINS F/JERKINS R/DANIELS L
7p22i75SXIAhyumjy99v4t	So Many Pros	SOMANYPRO	SOMANYPRO	147899177	SO MANY PROS	BROADUS C/WILLIAMS P
6fPPRL9mdV96jPcfZWRCJU	Sunrise	SUNRISE	SUNRISE	142625045	SUNRISE	O'HAGAN/O'HAGAN/FERRAN/CORMAIC/PROCTOR
68w1iX1hdolfLsJSfqwjQj	Nocturne No.4 In F, Op.15 No.1	NOCTURNENO4INFOP15NO1	NOCTURNENO4INFOP15NO1	146342962	NOCTURNE NO.4 IN F, OP.15 NO.1 (2001 DIGITAL REMASTER)	FREDERIC CHOPIN
0pZs36idY8uJ5PwOFGUn5O	Grasshopper	GRASHOPER	GRASHOPER	145976746	GRASSHOPPER	FURST NATHAN
33GbF5eIO6AKQewAao00mU	Fucking Friend Part II	FUCKINFRIENDPTII	FUCKINFRIENDPTII	150190336	FUCKING FRIEND PART II	THOMAS ROUSSEL/YANNICK GRANDJEAN
4bkT8iMD5Zaw9dhixEGykl	Roughstock Riders	ROUGHSTOCKRIDER	ROUGHSTOCKRIDER	123106215	ROUGHSTOCK RIDERS	FORDE STEVEN JAMES
6fcssDZKqYhjGvjqNl3xhC	Frappe'	FRAPE	FRAPE	142628865	FRAPPE'	BABA YAGA/STRANGER OLEKSANDR SHEVCHENKO/
6l09c2CTcYqBhDfLGcQIq2	Medicine Weasel	MEDICINEWEASEL	MEDICINEWEASEL	148228579	MEDICINE WEASEL	NICK PICKETT
2uvTsEZExVjUochkvi0oF6	Mangle	MANGLE	MANGLE	141598098	MANGLE	UNKNOWN
0z6xGK2u3nSsbk9XeKYwZQ	Flamenco Bolero	FLAMENCOBOLERO	FLAMENCOBOLERO	126847438	FLAMENCO BOLERO	/RAVEL/ARR/MONTESANO GUSTAVO
4lFTM7ESXwW1LF6OD7BHmS	E-Ne-Me-Ne-Mi-Ne-Moe (The Choice Is Yours To Pull)	ENEMENEMINEMOE	ENEMENEMINEMOE	136315966	E-NE-ME-NE-MI-NE-MOE (THE CHOICE IS YOURS TO PULL)	BRISTOL J/BROWN W/JONES J
0z0daz3KNGeSVxM6Qe0smA	Port Na BpucaÃ­	PORTNABPUCAI	PORTNABPUCAI	150774039	PORT NA B PUCAI	/TRAD/ARR/VALLELY CILLIAN
2Fv1gdO61J4vLp1bq0lT1g	If I Had Any Sense I'd Go Back Home	IFIHADANYSENSEIDGOBACKHOM	IFIHADANYSENSEIDGOBACKHOM	117577610	IF I HAD ANY SENSE I'D GO BACK HOME	MCCOY ROSE MARIE
7bylr8wnu3JviCT30GM1Va	Smoke Gets in Your Eyes	SMOKEGETSINYOUREYE	SMOKEGETSINYOUREYE	148316252	SMOKEGETSINYOUREYES	UNKNOWN
184TJwsbJeji7SZPhnKyKR	No. 8	NO8	NO8	152903412	NO. 8	BARIL/BRADY/CARRILLO/PRICE/RHABURN/WORTH
2CcvYEMyJkdrSSroblMW5P	FaydasÄ±z	FAYDASIZ	FAYDASIZ	148670600	FAYDASIZ (TR)	MURAT KURSUN/METIN ASLAN
2X5IoY7eKXEmVSypB065f6	Vinyl Concept Tape, Vol.1 Index N09	VINYLCONCEPTTAPEVOL1INDEX	VINYLCONCEPTTAPEVOL1INDEX	147427239	VINYL CONCEPT TAPE, VOL.1 INDEX N09	DJ KAZE
2dd58PbAp6Nv8ux50XbLb6	If You Give Me Your Heart	IFYOUGIVEMEYOURHEART	IFYOUGIVEMEYOURHEART	136489351	IF YOU GIVE ME YOUR HEART	LEWIS J/CASON C
3xInfkcNCM3WkEhLWq21uS	Hold On For Your Life	HOLDONFORYOURLIFE	HOLDONFORYOURLIFE	149984218	HOLD ON FOR YOUR LIFE	BOLLINGER W/TINNESZ S
2KGkKOny2fds0NAFSNJBR6	Will You Love Me Tomorrow	WILYOULOVEMETOMOROW	WILYOULOVEMETOMOROW	102782381	WILL YOU LOVE ME TOMORROW	KING C/GOFFIN G
3WVM49k4ID2lpgLjd55vzN	No Worries	NOWORIE	NOWORIE	154578197	NO WORRIES	MCLAUGHLIN/ALLAN/MCLAUGHLIN/BLACKMON
7kFovgV7zKSKguLgsyGhGI	Four Twenty Seven	FOURTWENTYSEVEN	FOURTWENTYSEVEN	142426803	427	GEE/CHAPMAN/ROOTES/GROSSMAN/REEVES
0gNzvlgWwOfrix6BaOeFVo	For Heavenâs Sake	FORHEAVENSSAKE	FORHEAVENSSAKE	137473964	FOR HEAVEN S SAKE	JASON S/STROOPE C
7FEvUEbsfQmMqgkPN5TKZc	Onda Do Arraial	ONDADOARAIAL	ONDADOARAIAL	136131485	ONDA DO ARRAIAL	DE SILVEIRA A/VERGUEIRO D
75YS5bfQSol8GCoAvbmNaN	The Golden Age of Rock 'n' Roll	GOLDENAGEOFROCK&ROL	GOLDENAGEOFROCK&ROL	101407831	GOLDEN AGE OF ROCK AND ROLL	PATTERSON IAN HUNTER
1VUjE82FR4JcmUakYBVTTn	Fark Atiyor	FARKATIYOR	FARKATIYOR	147198340	FARK ATIYOR (TR)	SINAN AKCIL/TAMIM GALLAL
0Tasv0fVj3DE7bGiuxwQp2	Schattenspiel	SCHATENSPIEL	SCHATENSPIEL	143926827	SCHATTENSPIEL	BERTELMANN VOLKER
5P9JSDgtyv01U04yUXDL7u	Pretender	PRETENDER	PRETENDER	134013802	PRETENDER	GUILLORY M/LA BRIE K/WHERRY B
0caUoX71D8MNwFagsN5QzF	Teddy Acapulco	TEDYACAPULCO	TEDYACAPULCO	133982666	TEDDY ACAPULCO	JAKAB ZSOLT
3fj6YntHiA9D9wbOy7sA8c	Big Blue	BIGBLUE	BIGBLUE	150519462	BIG BLUE	HAMMER J/HAMMER J
04zIl0G0yzmRuBYWB8im1f	Shine	SHINE	SHINE	128273960	SHINE	CLAYTON JUSTIN
7iAQj0IxTJ5Zw6Ar9oP2fV	Games	GAME	GAME	152647744	GAMES	LOVATO/SIMMONS/BROWN/DOUGLAS/FELDER
4wIJhBXOSCWtCtmgYNoB67	Burning Passion	BURNINPASION	BURNINPASION	140445837	BURNING PASSION	GADO VERN
6jweF2IOIwxjYQ7pXFwpwX	Heatwave	HEATWAVE	HEATWAVE	151031272	HEATWAVE	WATSON JAY WESLEY
3XEx16BTvG62jF4bnB4S6v	December, 1963 (oh, What a Night)	DECEMBER1963	DECEMBER1963	102421171	DECEMBER 1963 (OH WHAT A NIGHT)	GAUDIO R/PARKER J
4dY97GUDuUSkx8HajakKS6	All in Black	ALINBLACK	ALINBLACK	149951758	ALL IN BLACK	HILL D/FORDE T
2tpiNIdAInCVopLATG1dan	River of Pain	RIVEROFPAIN	RIVEROFPAIN	108753534	RIVER OF PAIN	MORLEY LUKE
6xRMUk4GauxcipDHS4Lt2r	The Battle For Straight Time	BATLEFORSTRAIGHTTIME	BATLEFORSTRAIGHTTIME	133643709	BATTLE FOR STRAIGHT TIME	/NEWMAN CARL ALLAN/NEWMAN A C
4D45h765OwTlFEUJSYRSRo	Violin Sonata No. 1 in G Minor, BWV 1001: IV. Presto	VIOLINSONATANO1INGMINORBW	VIOLINSONATANO1INGMINORBW	145485047	VIOLIN SONATA NO. 1 IN G MINOR, BWV 1001: III. SICILIANA	JOHANN SEBASTIAN BACH
5pNrZgIiBeKnK5lGvgqnKi	Sunfall	SUNFAL	SUNFAL	135028315	SUNFALL	MASON J/GRAYSON B
75qoUC3RbSjDi3D1tgZFlI	Piano Quartet in D Minor, Op. 25: III. Allegretto grazioso	PIANOQUARTETINDMINOROP25I	PIANOQUARTETINDMINOROP25I	155921237	PIANO QUARTET IN D MINOR, OP. 25: III. ALLEGRETTO GRAZIOSO	DORA PEJACEVIC
5UwEOdcJfbATw8iNU3JVMu	Sana Ikaw	SANAIKAW	SANAIKAW	152997889	SANA IKAW	NATHAN AZARCON/MARK ESCUETA/MICHAEL ELGA
13zOGnAr2Rpcbp2agucROW	Streamlined Cannon Ball	STREAMLINEDCANONBAL	STREAMLINEDCANONBAL	103289522	STREAMLINE CANNONBALL	ACUFF ROY C
56aDDLjXsX3mblX2YTG3b9	Please Please Please	PLEASEPLEASEPLEASE	PLEASEPLEASEPLEASE	133976845	PLEASE PLEASE PLEASE	OLENIUS ADAM BENGT WALDEMAR
5urhUYCBXmsPEw00gY5hab	Domn Al Domnilor	DOMNALDOMNILOR	DOMNALDOMNILOR	149295779	DOMN AL DOMNILOR	GABRIEL GORCEA
6nsZ23hRFXCVkk9NwuzAz0	Sidewalk Safari	SIDEWALKSAFARI	SIDEWALKSAFARI	142077424	SIDEWALK SAFARI	POLACHEK C/WIMBERLY J/FELDMAN K
7GV2C2AwDJO5eXi3xlnuiJ	Hymne A L'amour	HYMNELAMOUR	HYMNELAMOUR	147322257	HYMNE L'AMOUR	UNKNOWN
5rN0wuSZzpth7FquoCoryM	Friendly	FRIENDLY		140281182	FRIENDLY (REMASTERED 2009)	ANITA SKORGAN
16AcDrHtbRxGg4BT5JJPcu	Tenebrae	TENEBRAE		141270590	TENEBRAE	MAUS JOHN PATRICK
1rSvlJ7qFB4MBMSdMFvTDu	Dance - Radio Edit	DANCERADIOEDIT		152642114	DANCE RADIO EDIT	MAX MANIE
3HR2NYZi2TpOd7f1krzH5j	Sunday	SUNDAY		154542166	SUNDAY	MITCH MURDER
3NwRKOcOr7XYtECPXiq5Bi	Habiba	HABIBA		101209712	HABIBA	LAHIRI B/USMAR F/PHILLIPS M
5JsqDtMr2kndvBcOmMZBDk	Non-Handler	NONHANDLER		155780966	NON-HANDLER	GOOCH/HERANGI/RILEY/ROPATA BARNSLEY/TEKA
5z0pKiEk0me8RdNYh4gOvj	You'll Never Find Another Love Like Mine / A Lovely Way to Spend an Evening - Live	YOULNEVERFINDANOTHERLOVEL		100774463	YOU'LL NEVER FIND ANOTHER LOVE LIKE ME	GAMBLE K/HUFF L
7DNzzksJEjF02iI6Tzee0H	The Mentalist	MENTALIST		143766315	THE MENTALIST	GALDO BRENDAN MATTHEW
5z710Bjr3HE141G8xp2GCI	Music Will Turn You On	MUSICWILTURNYOUON		143279457	MUSIC WILL TURN YOU ON (ORIGINAL MIX)	SUNDBORG E/FEINER M
58PK6gJRV7t0fg4LIfLyMP	Morricone: Cinema Paradiso (Main Theme)	MORICONECINEMAPARADISO		147915350	MORRICONE: CINEMA PARADISO (SE)	ENNIO MORRICONE/DE SENSI A
1VjlgGf4eDTRx5wOtnYg1f	I'm Coming Out (Live in Paradiso, Amsterdam)	IMCOMINOUT		103090143	I'M COMING OUT	RODGERS N/EDWARDS B
2MwBR7mkF4faZC3Sk1r4Xf	Sousou Fuitsu	SOUSOUFUITSU		155945993	SOUSOU FUITSU	SATORU KOSAKI
3s4PkQXPBnSn1kQsXokZrp	How Come	HOWCOME		152164047	HOW COME	EVERTON DR CAVE MOORE HOWARD D STEELE CH
5l7bd81MKwsV99RwJWi8pk	The Last Time - (Original Single Mono Version)	LASTTIME		103418896	LAST TIME	JAGGER M/RICHARDS K
2m2RAysdWK3sYTbHgpzMRJ	Steal Your Heart, Pt. 1	STEALYOURHEARTPT1		150909594	STEAL YOUR HEART, PT. 1	STEPHEN JUKES
6oFpcTYaGaQreDngvJ6at2	"\"Saarattu Vandiyila (From \"\"Kaatru Veliyidai\"\")\""	SARATUVANDIYILA		151681790	SAARATTU VANDIYILA	VAIRAMUTHU R/RAHMAN A
76BCylUSHG8iytoNWsc4XJ	I'm In Control	IMINCONTROL		155969555	I'M IN CONTROL	SAM ROMANS/ALUNA FRANCIS/GEORGE REID/AND
23LB3YWbTM9MESZcMBnJTP	Mr. Hide	MRHIDE		111113361	MR HIDE	TRIBBLE K/FOX G/GAUDIO R
5lvjdiwlQl0MaDMJMxqV5t	Zamba de Usted	ZAMBADEUSTED		140591894	ZAMBA DE USTED	ARIEL RAMIREZ
4wyaJ3ZInT47IDOvU3opQ0	Innertrio	INERTRIO		147227823	INNERTRIO	JAN JOHANSSON
7B8qiDJMjdmH4K9mSpSjLj	Gotta Go Now	GOTAGONOW		134596479	GOTTA GO NOW	NIHOUARN/DIGAIRE/FOURNIER/FLOC/FRANCIS
1CbVW4053T6y8dOJ7L3zsj	Love Myself	LOVEMYSELF		155941768	LOVE MYSELF	PAENDA/PAENDA
1FxMb2yvaz5gRU0KmPKSiR	Later	LATER		142971107	LATER	SOERENSEN P/IVELAND K/HAUGE S
0jpM2MprPc1ZIkFyTIMCbZ	Get Down	GETDOWN		139034771	GET DOWN	BREEN CHRIS
7cdICKRLjbxhKRj08fUn6V	O ccafÃ¨	OCAFE		101672517	O CCAFFE	MODUGNO D/PAZZAGLIA R
2P13nYRUuSQm7TYXNU4775	Rainforest 2	RAINFOREST2		152569830	RAINFOREST 2	ISTVAN SKY
6kSZp7FgMMAyYLYCQ4IF4U	A Little Honey	LITLEHONEY		153267071	A LITTLE HONEY	RATELIFF NATHANIEL DAVID
0Hon4VjjGuargnbsulYPNl	Benediction	BENEDICTION		137453644	BENEDICTION	RILEY PHILIP MICHAEL
0Dijxf5cEB28x33QAJ6vwQ	Relaxation & Calm Music	RELAXATION&CALMMUSIC		150032399	RELAXATION & CALM MUSIC	NIEZNANY/MARCO RINALDO
7y2znS8w8fHcis4ilDIPei	One Hour Stranger	ONEHOURSTRANGER		152404320	ONE HOUR STRANGER	NILSSON/FJORDEVIK/MAGNUSSON/LIND/KRISTEN
0MjWzsVZ0YizCtDfDhaebv	Country Girls	COUNTRYGIRL		101853197	COUNTRY GIRLS	SEALS T/SETSER E
2PMLdLt5QeOuOgxfAvx1in	Sofazinho - Ao Vivo	SOFAZINHOAOVIVO		154655051	SOFAZINHO AO VIVO	SAMIR/BRENO CASAGRANDE/FILIPE ESCANDURRA
1qveFFPjSoh8J7hF8wlbDv	Hollywood	HOLYWOOD		152701726	HOLLYWOOD	ERROR UNHANDLED CHARACTERS IN TEXT RU/ER
1xvyONURA5bv2SQ084giiB	Stand Proud	STANDPROUD		151507114	STAND PROUD	JIN HASHIMOTO
7yE6BJqP3o4nXedQTqbvvY	My Day	MYDAY		134061557	MY DAY	VISCHER LISA R
3ZXXICXomdXPfPEDWqrSM7	Purlieu II	PURLIEUII		155993120	PURLIEU II	BESHKEN
072BRkqirHkwUSSuo4fawm	Raw Movements	RAWMOVEMENT		151144391	RAW MOVEMENTS	MIKE COLLINS
2LMQsKaHXa3VLLpovjHi67	Emotional Winter	EMOTIONALWINTER		122871087	EMOTIONAL WINTER	DOUGLAS J/CAVANAGH D/CAVANAGH V/PYBUS D
1yiNOnBpl8qZvVg34fOkbW	"\"Castor & Pollux, RCT 32, Acte V, ScÃ¨ne 4: \"\"Qu'ai-je entendu ! quel bruit !\"\" (TÃ©laÃ¯re)\""	CASTOR&POLUXRCT32ACTEVSCE		150721810	CASTOR & POLLUX, RCT 32, ACTE V, SCENE 7: ENTREE DES AS (FR)	JEAN PHILIPPE RAMEAU
5gNM6lnstdwcoaf6n7dqzQ	Just Wanna Be Loved	JUSTWANABELOVED		145357683	JUST WANNA BE LOVED	JONG D/KNEPPERS M/PLUG W/CARDWELL J
56qapkyi4PQ1gkkkuhs1oC	The Moon Beckons	MOONBECKON		127894250	MOON BECKONS	GLENNIE-SMITH NICK
5vaQMrGULy9hFUEKX6pvZx	HÃ³fehÃ©r GyÃ¶ngyvirÃ¡g	HOFEHERGYONGYVIRAG		149022441	HOFEHER GYONGYVIRAG (HU)	KERNER TIBOR/KOFITY HENRIK
1BIkLXNZ5Am5LjYO6M9BgV	Be You Angel, Be You Beast	BEYOUANGELBEYOUBEAST		149239125	BE YOU ANGEL, BE YOU BEAST	SATARIEL
3V1jj9YzYD9I47jMIauIVi	Popeye	POPEYE		200432168	POPEYE	LERNER SAMMY
460XLaLG1f0WpucGsGUtaR	April Skies	APRILSKIE		101571177	APRIL SKIES	COLLETTE BUDDY
45e6nU5KCW0ui0zZimxrQB	Coco wa ngai, bidendela, ana	COCOWANGAIBIDENDELAANA		152376040	COCO WA NGAI, BIDENDELA, ANA	LUAMBO LOKANGA/VICKY LONGOMBA
0d8QLXljZsBbGAoprlsN9u	Sweet Marie	SWEETMARIE		148017292	SWEET MARIE	JORGEN GILLSTEDT
4GKSdx5iCoR9YmGXSFZn3D	Basic Training	BASICTRAININ		145800331	BASIC TRAINING	DESPLAT ALEXANDRE MICHEL GERARD
6cODazhdUk1LAJS9KeBx0J	Foodplay	FOODPLAY		149750230	FOODPLAY	GREGSON-WILLIAMS HARRY DAVID
5USlCojuOICyGd8tqmO8Z4	Ciaccone	CIACONE		433738014	CIACCONE	STORACE BERNARDO
70cpfU2vjAiLbj4baeEeKc	O Amor Em Paz	OAMOREMPAZ		141588183	O AMOR EM PAZ	VINICIUS DE MORAES/ANTONIO CARLOS JOBIM
6szV44UqRyWzZDcx4hIxRR	Words	WORD		152631105	WORDS	GARSBO/MOHAMMAD/BEDAWI/DIRKSEN/FRANCIS
03U8IwhNay1a8cHAJ7N7yf	Ride Remix	RIDEREMIX		140835201	RIDE (REMIX)	NEVERSON/ROBERTS/ELLIOTT/NAJM/JAMES/MOLL
2EWSm0Hll3nNnZyRQYpV5V	Fantasia No. 6	FANTASIANO6		153710056	FANTASIA NO. 6	JOHN JENKINS
5KYPATsYxRlj9QvMXjDGWz	Rainy Dayz	RAINYDAYZ		134163370	RAINY DAYZ (REMIX)	ATKINS/LORENZO/AURELIUS/HOLDER/JOINER/YO
1GJTPtRLaBVxIhZwRCn4UI	Ghetto	GHETO		134595177	GHETTO	ROTEM J/TRICE O/HAZLEWOOD L/NEVERSON T
7z34XHPc3f5saSR3mGzvKh	I Want You	IWANTYOU		108367024	I WANT YOU	PIERCE P/WILLIAMS D
5XcW7V5eX1hUI2WzvpIFBp	Sensation Rag	SENSATIONRAG		147106631	SENSATION RAG	EDWARDS
4KcMrJ5PNTp9xUGOrRJIlM	Canine Euthanasia	CANINEEUTHANASIA		114729789	CANINE EUTHANASIA	FITZGERALD WARREN A
6KU5tgxem60MZpHShmFfz5	Il Rosso, Brando	ROSOBRANDO		146202697	IL ROSSO, BRANDO	ANDREA FALCONIERI
5wED132rJAkk3fKlvHYilt	Brass Fanatic	BRASFANATIC		142615947	BRASS FANATIC	AXEL BOMAN
74AOTyTDm6Fo6l223PcY9s	After Love	AFTERLOVE		139175560	AFTER LOVE	ABERGEL S/GERBER G
4wWnssWXRhfvAGphyxWewj	Gun for Fun	GUNFORFUN		102413762	GUN FOR FUN	O'CONNOR CHRISTOPHER JOHN
06339owDc0JuH2pttTLsAP	La Vieja	VIEJA		147046263	LA VIEJA	JULIAN CACHILO DIAZ/OSCAR VALLES/FRANCIS
4xCigdS9CK9e0ZTvOnwznd	The Squip Song	SQUIPSONG		147383319	THE SQUIP SONG	ICONIS JOSEPH P
7GdQZQqLIl8lz1DvKTKUXu	Whirlpool	WHIRLPOOL		135233072	WHIRLPOOL	RUDD XAVIER PETER I
0Rc8QoCFBNYduxkPSRlmkV	Tristeza do Jeca	TRISTEZADOJECA		137173865	TRISTEZA DO JECA	DE OLIVEIRA ANGELINO
1JfIEk7aEkBnASi0dDoI0e	The Other Side	OTHERSIDE		152562611	THE OTHER SIDE	MILLS D/LA TOUR R/KORSAN B
5Px4F3yOgfBj2XUYDPVm6n	Honey	HONEY		152074166	HONEY	SARP E/VOGEL L
5mReKXLtTLyLlv0LaIHSXy	Diaspora	DIASPORA		152461855	DIASPORA	KOFFI OLOMIDE
5mPfIH7BMZ3RyN5yvluBr7	Just Wanna Be Loved (Art of Tones Remix)	JUSTWANABELOVED		145357683	JUST WANNA BE LOVED	JONG D/KNEPPERS M/PLUG W/CARDWELL J
0xcP3WHTY6cUzOYLeN0RC2	little/MOUSE	LITLEMOUSE		154604453	LITTLE/MOUSE	SUAREZ TERESA
7sV0zB34oW8xIA8ZoeUsds	Ami, I'm Sorry	AMIIMSORY		144016764	AMI, I'M SORRY	LOEB L/ETZIONI M
3cAWxaiX62yYW6FjtpXIdQ	Muskrat Ramble	MUSKRATRAMBLE		153475316	MUSKRAT RAMBLE (VERSION 2)	RAY GILBERT/RAY GILBERT/KID ORY/KID ORY
5iEtLZ8JPtDWOmbk0RIwFD	Liebst du um SchÃ¶nheit	LIEBSTDUUMSCHONHEIT		137388207	LIEBST DU UM SCHONHEIT	FRIEDRICH RUCKERT
70jWbqlJBTKkyZ4Qky3tAX	It Doesn't Get Better Than This	ITDOESNTGETBETERTHANTHI		135592975	IT DOESN T GET ANY BETTER THAN THIS	BAND A/DAMICO D
6vIIOevKsrslOQUz6Sfka6	Havanna	HAVANA		145176005	HAVANNA	SCHOPF B/DEL R
1Bm0Kgy0pTNkh1MHq7FnHq	Talk About Nothing (Not Your Dope Remix)	TALKABOUTNOTHIN		136432682	TALK ABOUT NOTHING	UNKNOWN
1ynf0kNmPygT2M6M75hbKg	Lost Yourself	LOSTYOURSELF		149300060	LOST YOURSELF	STEFAN UNTERPERTINGER
16aMCzYHia7cDE1eH8MF0S	Storie che non esistono	STORIECHENONESISTONO		144911786	STORIE CHE NON ESISTONO	PELLINO G/PELLINO G
7h6oFIlR8ZoL67pYXfaTle	Increase Sexual Stimulation	INCREASESEXUALSTIMULATION		151513193	INCREASE SEXUAL STIMULATION	MARCO RINALDO/NIEZNANY
4sLSkZoceecBC6TwM7HpYJ	Calling Out	CALINOUT		153278769	CALLING OUT	BRAUN R/OWUSU P/ROSENBAUM A
5fU4FQE7W3rnFuUXBoJq5D	Wyatt Erp	WYATERP		150210890	WYATT ERP	RIGHTS OWNER OF THE MUSICAL WORK
7muWVgLzhTUTJRRYgN1pwy	If You See Her	IFYOUSEEHER		144799772	IF YOU SEE HER	MICKEY NEWBURY/MICKEY NEWBURY
0bN2lwEQWy3FWFJZIkr24K	Spanish Castle Magic	SPANISHCASTLEMAGIC		106560676	SPANISH CASTLE MAGIC	HENDRIX JIMI
0JmPtDU7N2bFvNhuU8L8qE	Din Din	DINDIN		146529193	DIN DIN	DA CRUZ/HEBEISEN/HUSMANN/LEE
1dmPjRK3UyUbR9ycz9cEBr	So in Love	SOINLOVE		151369518	SO IN LOVE	PIERCE M/BOWDEN K/PIERCE S
2r0QXcsK7wTnGDlokzofKk	Kick It Up	KICKITUP		107788756	KICK IT UP	BYRD A/ROBINSON J
0rpVZvCVqz87ZUJut3QxsB	Hell Yeah	HELYEAH		143278337	HELL YEAH	MINOR M/MITCHELL V/MAULDIN J
4fEbSNbzdXpZl8KnAzu06o	Paresse	PARESE		147761517	PARESSE	ALEXANDER HITZLER/ALEXANDER HITZLER/MART
2BMv5bEDjR3NjTbNiu2yRI	Sword Dust	SWORDDUST		151172923	SWORD DUST	TRIPLE DARKNESS/TRIPLE DARKNESS
4TYpRZa8eEw3xVZ5nWVK3v	I Don't See Them	IDONTSEETHEM		148363151	I DON'T SEE THEM	NAPLES ANTHONY M
1IInoDwfiF8eGwW1CVY8AO	Ilegal	ILEGAL		140758740	ILEGAL	MUNOZ ONOFRE M/MARTINEZ MOYA G/CABRERA P
3gOESsDWZiDbVukRuVY8o4	Sleaze - feat. Mistajam	SLEAZEFEATMISTAJAM		142565744	SLEAZE	MCGRILLEN G/SWIRE T/DALTON P
7HURunzDbmwpRdFRdlFE2m	Let It Whip	LETITWHIP		155330474	LET IT WHIP	ANDREWS J/CHANCLER LEON L
2E7qUzehn4ZX1WTCdlGWQf	My Black Nina	MYBLACKNINA		138258285	MY BLACK NINA	FREEMURDA
1TJn6Rwga9QlIekLJlpcoQ	Rain On Me	RAINONME		139018615	RAIN ON ME	WATTERS/BIANCANIELLO/WILKINS/WAITHE/KIPN
6TP07awwT0tSmT1GcsNrZL	Matrix	MATRIX		109891440	MATRIX	COREA ARMANDO ANTHONY (COREA CHICK)
2dCgZocKF09Hn2WpuDp5Li	Baby Obey Me	BABYOBEYME		102017841	BABY OBEY ME	LIVINGSTON J/EVANS R
2HcLso8p1FxESRY8Ot2y20	Nobody	NOBODY		143075527	NOBODY	FORDE J/ISAAC R/ISAAC R
114zOttMKPFeYkcs5sWsqn	Magnificent Time	MAGNIFICENTTIME		148577603	MAGNIFICENT TIME	RICE O/HEALY F
5Jztsk5SjfnvurAUrr1Md5	Starslide	STARSLIDE		154530969	STARSLIDE	BEHDAD NEJATBAKHSHE
54ydS9wT5ZhjEsFS6CWht8	Un Milagro	MILAGRO		153716680	UN MILAGRO	LUIS FONSI/DAVID SANTISTEBAN
5RyK2UgU1ffb7EpRK7lAJZ	Flight	FLIGHT		305799866	FLIGHT (PRCD 037)	GIZZI C/TOROSSI S
5Llim3aOsDEIgS1evCJAL7	Indian Girl (An Adult Story)	INDIANGIRL		122267767	INDIAN GIRL (AND ADULT STORY)	WALTERS RICKY M L (SLICK RICK / US 1)
2o1FJBVmF10oJkz03QPFrA	Filthy Rich	FILTHYRICH		133977405	FILTHY RICH	RICH/ALPHIN/THROCKMORTON/POWERS/MCDAVID
40OdmkoiOKftbnXCQZViYL	So Much to Lose	SOMUCHTOLOSE		141639605	SO MUCH TO LOSE	CROWE DAVID ANDREW
12OSQA3NPtF7nrKxvElScX	My Eyes	MYEYE		141394950	MY EYES	RAY J/STEPHENS D/WATSON A
199Fy0vc6T9KokWHyjEy8k	Sol Clap	SOLCLAP		141494189	SOL CLAP	HOLLAND WILLIAM GEORGE
1y0WfUtwRocIW8wcIqFwL8	Shark Fin Soup	SHARKFINSOUP		145658825	SHARK FIN SOUP	TASK FORCE
2i23heVWZKR43RtH6npq9F	Limbo	LIMBO		152792648	LIMBO	TOM JAMES
0TTic1h7jX0wD90OtxTVPm	Stella By Starlight	STELABYSTARLIGHT		102241393	STELLA BY STARLIGHT	YOUNG V/WASHINGTON N
76jidasGrB3dvVsU9N3bov	Toccata for Harpsichord No. 10	TOCATAFORHARPSICHORDNO10		141298745	TOCCATA FOR HARPSICHORD NO. 10	JOHANN JACOB FROBERGER
3V017bOkU9fpx4u1L79knQ	Cahil	CAHIL		150922208	CAHIL	SERDAR ORTAC/ANONIM/PERSONA M/CARPELLA L
0xUE0pPfaap7pLtRJg0yTh	While I'm Waiting (feat. Chandler Moore) [Live]	WHILEIMWAITIN		152435225	WHILE I'M WAITING	GREENE TRAVIS MONTORIUS
41dJosCDWSR5gaEbbBcWBT	Catch Up	CATCHUP		153586115	CATCH UP	CHADLEY CHICHESTER/ARJUN COOMARASWAMY
34elYAG8Y8rTjUZeKYEvoz	Small Town	SMALTOWN		154406629	SMALL TOWN	DANIEL DAVIS
43dDyDmee4iBC81DU3SMDf	Already September	ALREADYSEPTEMBER		140865057	ALREADY SEPTEMBER	SCOFIELD JOHN L
2fVACgOQz3KTN71UA5jRwy	The Weight	WEIGHT		154723237	THE WEIGHT	JR ROBERTSON
2r3O3jtegiaBIW8Bjwfcpu	Skicka ett vykort, Ã¤lskling	SKICKAETVYKORTALSKLIN		147600030	SKICKA ETT VYKORT, ALSKLING (SEND ME A POSTCARD) (2000  (SE)	ROBERT VAN LEEUVEN
2sUHPP7o9FjYwWYEw5z4eQ	Apple Green	APLEGREEN		112605654	APPLE GREEN	GREENE S/DEIGHTON M
3Fc3ebtKWh6ScXTpUSNOEs	Coming Back	COMINBACK		148195586	COMING BACK	DOROTHEE FROLLER
0RWJoWqi16l3qNOjNwOSvg	Green & Gold - Donnie Trumpet & Nate Fox Remix	GREEN&GOLDDONIETRUMPET&NA		152642558	GREEN & GOLD DONNIE TRUMPET & NATE FOX REMIX	MATT HALES/JAMIE LIDELL/LIANNE LA HAVAS
3CKQ4x2YYJafE7xr5IQ1fo	Drive Me Crazy	DRIVEMECRAZY		154371355	DRIVE ME CRAZY	YUZO KOSHIRO/SAK
18KZDHAWXexbNz4gGoYET0	Fatherless	FATHERLES		139897942	FATHERLESS	JOSEPH MUSTEN/JOHNNY SMRDEL/CHRIS ANKELE
77IJaZ12nJcA9OmgRjGGcX	My Romance	MYROMANCE		138945400	MY ROMANCE	RICHARD RODGERS
4fRRQEwWgqY4ke1dzukRnY	Matrimony	MATRIMONY		148637575	MATRIMONY	WILLIAMS V/OGBOURNE D
4CznXg3DyWsyojCHdsJWeR	Born To Love You	BORNTOLOVEYOU		131060504	BORN TO LOVE YOU	SMITH J/BARNES S/OLIVIER J
46V0v9BcDqcg8oReEenUQI	Odyssey	ODYSEY		145064539	THE ODYSSEY	WILLIAMS ADAM A
2R7brAzLyY75szQ21ceyFg	Hi Jack	HIJACK		101091101	HI JACK	ARBEX-MIRO JOSE FERNANDO
1CG5TmXeu8K6ORC560YMXl	SEASON OF GOLD	SEASONOFGOLD		153843559	SEASON OF GOLD	ANDO MASAHIRO
51xP6VLYFTaeY3j8rdnI1X	Icicles	ICICLE		154171281	ICICLE	NS (PERF BY THE LAST SKEPTIC)
4sWimlXQzvPLdSOeFx3ovc	Voodoo Love	VOODOOLOVE		152087245	VOODOO LOVE	BARRY/ROSAMOND/VILLANUEVA/VILLANUEVA/VIL
1m883oVVNSSbrnJq8yEmcL	Chhod Meri Baiyan	CHODMERIBAIYAN		153603101	CHHOD MERI BAIYAN	SHAILENDRA/KISHORE KUMAR
20rHQAbh3vgiy9L9ZMNl10	Concealed Revulsions	CONCEALEDREVULSION		146349514	CONCEALED REVULSIONS	ALEKSI MUNTER/JANNE JULIN/MANNE IKONEN/T
2x5mGxpfvnxBqdDhxCfMaT	One Way	ONEWAY		148001703	ONE WAY	KRIVOSHEIN V/AMAR O
6FapD7IiNdHILvOdGvBjNS	When I'm Away from You	WHENIMAWAYFROMYOU		101335000	WHEN IM AWAY FROM YOU	MILLER FRANCIS JOHN
2X5jJin8IE4mFPwwbcLwFC	The Man I Love	MANILOVE		449392319	THE MAN I LOVE (FN 372)	GERSHWIN GEORGE
0SwSUkjYFMrfdblHQMrU4P	Greater Bird of Paradise	GREATERBIRDOFPARADISE		154206007	GREATER BIRD OF PARADISE	ALSTON GREGORY RAYMOND
3VcCjeMTLLyWOLpoWtRoSU	x ANA x	XANAX		154141167	XXANAX	ON FROY
5Z6A4GuJkT7zgThefBsNRA	Piano Sonata in C Major, K. 527	PIANOSONATAINCMAJORK527		147218597	PIANO SONATA IN C MAJOR, K. 527	DOMENICO SCARLATTI
5eeaQTCRi2lxJ9Lr5vgXB3	Vur Yuregim	VURYUREGIM		131225544	VUR YUREGIM	ERENER S/DEMIRKAN D/GUREL G
3rQjxXM0TsDkPTDwxKziTS	Magnificat in D, ZWV 108: I. Magnificat anima mea Dominum	MAGNIFICATINDZWV108IMAGNI		142356532	MAGNIFICAT IN D, ZWV 108: I. MAGNIFICAT ANIMA MEA DOMINUM	JAN DISMAS ZELENKA
0QzbgPZ9sbTs7r2wzfcX9f	December '63 (Oh What a Night)	DECEMBER63		102421171	DECEMBER 1963 (OH WHAT A NIGHT)	GAUDIO R/PARKER J
0uiTpFEGJJkgO9Xesj9drX	Ich werd bei dir sein	ICHWERDBEIDIRSEIN		149240961	ICH WERD BEI DIR SEIN	TOWNES VAN ZANDT/TOWNES VAN ZANDT/WOLFGA
6xz9XsOzDT3StddvheMGr2	Cry!-Tender	CRYTENDER		134076981	CRY TENDER	LATEEF YUSEF A
6aQAv3feIhBihOqX5i5n3u	Kailangan Kita	KAILANGANKITA		147230420	KAILANGAN KITA	GOSH DILAY
68QVcjWKpvqjDbnMzt0vSx	Love & Pain	LOVE&PAIN		133593704	LOVE AND PAIN	/BEAR R T/GERSTEIN RICHARD
61MTRaCwlNMmRtfrsFaxd8	Ana Maria	ANAMARIA		107094678	ANA MARIA	SHORTER WAYNE
7wBow19ldOzABXfRG6k05S	Hallelujah	HALELUJAH		101859020	HALLELUJAH	COHEN LEONARD
6bDkorX04ulnY1GuBEY4Ew	Quando, Quando, Quando	QUANDOQUANDOQUANDO		155989083	QUANDO, QUANDO, QUANDO	ALBERTO TESTA/TONY RENIS
4KjBDZps02XJYgQs9i6aUn	Boneflower	BONEFLOWER		145147833	BONEFLOWER	EDLING LEIF ERIK
7uM7YZwNZqdDMG0NfGhmux	Jennie (feat. R. City, Bori)	JENIE		153397551	JENNIE	/JAEHN/TROELSEN/THOMAS/SEPEHRMANES/THOMA
5lumpPMTjyyRU6FzIRIE4D	Innocence Maintained	INOCENCEMAINTAINED		152005987	INNOCENCE MAINTAINED	JEWEL KILCHER/MIKKO
5xLKk5jJZzt3yYhMKjEio6	Diablo	DIABLO		155929742	EL DIABLO	WARD DENZEL ALEXANDER
0wQCiHAgUJdlBdRtdrnLFK	North On 21	NORTHON21		153444078	NORTH ON 21	GREEN RILEY
1DtLl0k0zMrFqcW0pquxpf	Broken Pieces	BROKENPIECE		149531088	BROKEN PIECES	BIERSACK/FELDMANN/MADDEN/MADDEN/ALLMAN
4zKDv2pqSKALxrzOSYe3vo	Crazier	CRAZIER		147577381	CRAZIER	HEYNEN PIETER L
2E7c1UTR3869TXTqMnBJZ4	The Crab Song	CRABSONG		106363579	CRAB SONG	MOSLEY/BOTTUM/GOULD/BORDIN/MARTIN
472ikC5GQtBFFNKtTHugQ4	Lucky One (Bird Of Cassadaga)	LUCKYONE		129236791	LUCKY ONE (BIRD OF CASADAGA)	HAYES GEMMA
606ZgFjTusLlBFumWrJqBU	All We Need	ALWENEED		141630943	ALL WE NEED	YATES D/BAKER A/RANKINE D/HONSON M
6kHqqOeJvN960ZIMJMFSUm	Lam sakrifis	LAMSAKRIFI		143998770	LAM SAKRIFIS	TOPIZE JOSEPH REGINALD (FR)
3gi3pUEMT48kb9KxC65XB3	Heartless	HEARTLES		139454985	HEARTLESS	NOZUKA J/CHARLESWORTH K
6ktdiJw7nu6lif5oVfFfcS	Fallin' In Love	FALININLOVE		104291849	FALLIN IN LOVE	WILSON DENNIS C
6C3bnP1mVjFqGFDYYQCsOY	Sweet Marie	SWEETMARIE		140741082	SWEET MARIE	GORHAM W/LYNOTT P
7Ix5UHOc8nSHN1DHbPth6T	Used to You	USEDTOYOU		143287462	USED TO YOU	TURNER CALVIN/SEBASTIAN GUY
7yVzayuhgeqwVYTdecNop2	Don't You Worry	DONTYOUWORY		148681218	DON'T YOU WORRY	THOMAS T/THOMAS T/WALTER H/GOTTWALD L
6AY5ATYS9NGiCejvUc4zw8	Serial Killer Girl (Come on, Come on, Kill Me!)	SERIALKILERGIRL		148831816	SERIAL KILLER GIRL (COME ON, COME ON, KILL ME!)	ALLAN COTTERILL/ALLAN COTTERILL
6rYxiHCUeU3B2N68WGRDkv	Don't Do That	DONTDOTHAT		142779304	DON'T DO THAT	JONES/KING/CAULEY/CALDWELL/ALEXANDER/CUN
6e6n9ZA2DTBfuNBfjPNx70	Bump n' Grind	BUMP&GRIND		107714414	BUMP N GRIND	KELLY ROBERT S (KELLY R USA 2)
5ZN3SNb9C1W1uUwuInoWpk	Slytherin	SLYTHERIN		150053259	SLYTHERIN	UNKNOWN
7FX9uW8pxl6Y5dARuQ1jmK	Otro Adios	OTROADIO		145989923	OTRO ADIOS	MARC BERTHOUMIEUX/ERICK DE ARMAS
4tU5YBbLZ9S9NVvjM6Qk78	Treading Water	TREADINWATER		153486417	TREADING WATER	DANIEL LORCA/IRA ELLIOT/MATTHEW CAWS/MAT
0i1wQzi8AfVatVbqWU1vPb	Sofullashit	SOFULASHIT		140408032	SOFULLASHIT	GEEVERS B/NEDERHAND B/ELDEREN VAN P
43wPWBaNsqFuSOWjZQTCFs	Made in America (feat. El Camino & Dufflebag Hottie)	MADEINAMERICA		154332575	MADE IN AMERICA	JEREMIE PENNICK
4s2PuQJZ2twmuT5HInYoCU	Popucale Rebatine	POPUCALEREBATINE		141437428	POPUCALE REBATINE	SIMAC M
3PZP7o3hN5cvPB4Xfywo1n	Come With Me (Deadmeat) [Feat. Polina]	COMEWITHME		141991457	COME WITH ME (DEAD MEAT)	AOKI S/GOUDIEVA P/BATES J
0xFvFyJlc1VrSyIJrR1m4q	Snake Dance Boogie	SNAKEDANCEBOOGIE		142349780	SNAKE DANCE BOOGIE	MCCOY
5j9v9mJFLtaFOyVqMGxYlM	Not Afraid	NOTAFRAID		153888511	NOT AFRAID	KOSTER N/HOL P/CLAESSENS Y/PREVOO R
5oZj3XBim8oKiz2qdRa5Bq	On Your Own	ONYOUROWN		149228000	ON YOUR OWN	JOHN PAUL WHITE/ROBERT MERRELL/STEVE EDG
4yfmuLN5CmcqM7Ui8B77SS	I've Got My Love to Keep Me Warm	IVEGOTMYLOVETOKEEPMEWARM		102808129	I'VE GOT MY LOVE TO KEEP ME WARM	BERLIN IRVING
31JKaJ84tBMVdWJ3fwIrPW	Hard To Let Go	HARDTOLETGO		135473655	HARD TO LET GO	BONILLA M/GREIBER M
653SLG28to8TMy7PPyFWw1	Paquita: Variation 9: Allegro moderato	PAQUITAVARIATION9ALEGROMO		147297250	PAQUITA: VARIATION 9: ALLEGRO MODERATO	LUDWIG MINKUS
06d4jJK1ICIj9TYC46Jd2D	Estoy Enamorado de Ti	ESTOYENAMORADODETI		130338360	ESTOY ENAMORADO DE TI	AGUILERA VALADEZ ALBERTO
0HgUPVwywDUsRLplxYH5yb	Don't Start Lying To Me Now	DONTSTARTLYINTOMENOW		140836117	DON'T START LYIN' TO ME NOW	STONE J/PEIRCE M/STAPLETON C
027w33OxIkQttYTlp90x4F	Khovanshchina, Act IV: Introduction - Golitzyn's Journey - Remastered	KHOVANSHCHINAACTIVINTRODU		146467179	KHOVANSHCHINA, ACT IV: INTRODUCTION	MODEST MUSSORGSKY
4QR0hvHTdkc14U6WYXZdYA	Weighing Me Down	WEIGHINMEDOWN		139898573	WEIGHING ME DOWN	ELIJAH A JONES
6vgN6KGstss0GnBbKlMNK9	The Way You Love Me	WAYYOULOVEME		121357179	WAY YOU LOVE ME	DULANEY M/FOLLESE K
0Jb92UvQ93PUUF7SeLjfsE	Mondquelle (Reviewed)	MONDQUELE		147372200	MONDQUELLE	MUELLER BRYAN
6PBvmZieoFbs1YGXLvPWcq	Intersection	INTERSECTION		208967060	INTERSECTION	HOWARD JAMES NEWTON
3oFnmAkRiajWhLq3wTByUx	It's My Turn Now	ITSMYTURNNOW		134173991	IT S MY TURN NOW	UNDERWOOD A/SICHEL S
62sUbLrbXg9MU0CtI0vh0l	Ego & Soul	EGO&SOUL		151498604	EGO & SOUL	MARIO RADZOM/TESLA/CARL OSCAR ANDERSSON
7w21SD55V5mrwo3rFnbHk7	Go Your Own Way	GOYOUROWNWAY		101970321	GO YOUR OWN WAY	BUCKINGHAM LINDSEY
3UVUSY9ojJhxh1Y6dG8a85	Heart Shaped Box	HEARTSHAPEDBOX		106152033	HEART SHAPED BOX	COBAIN KURT D
3eODgDqG8r4NLn5nWhW1AD	Di Na Natuto	DINANATUTO		117551931	DI NA NATUTO	JAVIER DANNY
1buQsBiaGlP9axbW9ieT5T	Can't Stop Thinking About You	CANTSTOPTHINKINABOUTYOU		138912884	CAN'T STOP THINKING ABOUT YOU	DORO/CAMUS CELLI/ANDRES FEDERICO LEVIN/J
0mmJNAj5oBp4yFdl5m3bKp	Crazy Claws	CRAZYCLAW		124132502	CRAZY CLAWS	THAWS ADRIAN
4aVc2ifCwIAbEaaIjzLKbg	Spoil You (feat. T.I.)	SPOILYOU		148081728	SPOIL YOU	HARRIS C/HATCH T/JORDAN M
3xsnKTcJnmnS4al7ZiOwer	Madhuban Khushboo Deta Hai - Male Vocals	MADHUBANKHUSHBOODETAHAIMA		153042007	"\"MADHUBAN KHUSHBOO DETA HAI - MALE (FROM \"\"SAAJAN BINA SUHAGAN\""	INDEEVAR/USHA KHANNA
1knWU0hEPf2VDcwARwvcky	GameTime	GAMETIME		138328400	GAMETIME	BAHAMONDE C/JACOBS R/LEONARD B
3OPdvhjvAcFZdrSpPdxaEe	Arrivederci Roma	ARIVEDERCIROMA		136624380	ARRIVEDERCI ROMA	RENATO RASCEL/SANDRO GIOVANNI
3KeiKsYBjT7fNR9eSIMLoA	Adagio De Albinoni	ADAGIODEALBINONI		100043252	ADAGIO IN G MINOR (ORIGINAL VERSION)	/ALBINONI T/GIAZOTTO R
36jmdNtT1TdvTyvh1iL8mL	When You Wish Upon a Star	WHENYOUWISHUPONSTAR		135546052	WHEN YOU WISH UPON STAR	UNKNOWN
71uzpv56I1XmTYLa9KtKLw	PositiveNoise	POSITIVENOISE		141642989	POSITIVENOISE	SIMPSON G/HILLAGE S/GIRAUDY M
1yTDBH044bz0jV1arvSDwz	Love Gone Wrong	LOVEGONEWRONG		146715861	LOVE GONE WRONG	MOORE A/GREEN D
2S15IfzJZoafBih7OMnKYo	Tonight (I'm F***in' You)	TONIGHT		140431486	TONIGHT	/IGLESIAS/FRANKS/LUTTRELL/FOWNES/BRIDGES
7371PPqXVAPKCL65sA07zn	Do Re Mi	DOREMI		133353339	DO RE MI	JOHNSON EARL KING
42ojWvyytL0yCyxTCkSya7	I'll See You In My Dreams	ILSEEYOUINMYDREAM		102923408	I'LL SEE YOU IN MY DREAMS	JONES I/KAHN G
6URAP0pAdBXu5dKvvMeW7t	Secret Love Song	SECRETLOVESONG		151340315	SECRET LOVE SONG	EMMA ROHAN/JEZ ASHURST/CLARE FURNER RACH
1RJDtvodN0MMS1DfJzLlQP	Mission Bell	MISIONBEL		145912786	MISSION BELL	MOONEY/DOUGHERTY/GNAEDINGER/NGUYEN/VEILL
6UCLFSQLMJ0FbMBgTLMUi3	Magnet	MAGNET		151574384	MAGNET	MARTIN A/BELL T/BECK J
24QAJJqGQV3yEBa5LFxYot	O lux, beata Trinitas	OLUXBEATATRINITA		433673055	O LUX BEATA TRINITAS (CANTIONES SACRAE 1575)	BYRD WILLIAM
5bYRN2TNsUYLt1M4xUlY7A	Violin Sonata No. 26 in B-Flat Major, K. 378 (arr. L. Slavinsky for oboe and piano): III. Rondo: Allegro	VIOLINSONATANO26INBFLATMA		150525589	VIOLIN SONATA NO. 26 IN B-FLAT MAJOR, K. 378: III. ROND (PL)	WOLFGANG AMADEUS MOZART
5C4mq4ekQL0iFtTJEeTilh	Perfectly	PERFECTLY		136137398	PERFECTLY	UNKNOWN
1CmLBSudllVKfnCnTciIoz	Sweet Love	SWEETLOVE		139139938	SWEET LOVE	LIND ESPEN
1sOtR4ZHG2vB6Q3Va59pgS	Use Me	USEME		152497061	USE ME	BUTLER C/WITHERS W
6InRLwahGZVhnjRBodc358	Faith	FAITH		144308884	FAITH	BALFE L/ZIMMER H
31x3XyjoOJFdqEkqVbFPRU	Sunshine Cameo	SUNSHINECAMEO		152809557	SUNSHINE CAMEO	SCOTT HOWARD
7IEkrYisVLpNX5yzzepXOM	Cuando, Cuando, Cuando	CUANDOCUANDOCUANDO		128972750	QUANDO QUANDO QUANDO	RENIS T/TESTA A
1CEhGEI3pymF5G2SmAQSMv	Broken Halos	BROKENHALO		154326763	BROKEN HALOS	MICHAEL JAMES HENDERSON/CHRIS ALVIN STAP
2Fgzeki4gWy9aDeKTcs53I	Fault Lines	FAULTLINE		152010509	FAULT LINES	MITCHELL WELLING
3UhkWDIUQYjG2Tyx89fpFy	Suite in G minor: III. Sarabande	SUITEINGMINORIIISARABANDE		148855407	SUITE IN G MINOR: III. SARABANDE	FRANCOIS DUFAUT
78WmeChDlvf0hdRLxGcxnR	Cavatina	CAVATINA		101808710	CAVATINA	MYERS STANLEY
05aXAsg0rWjmR2sx19WWsV	Arcade Hero	ARCADEHERO		354273447	ARCADE HERO(BEATBOX@BNB144)	GURRY O
2dSLeImB0adyDeCwXsqJK4	Broken Bones	BROKENBONE		149485524	BROKEN BONES	KEARNEY P/ZAMMIT J/BOWERS A
5tf5Ke4rOITTJCUp0B0d0f	Kocky	KOCKY		142092746	KOCKY	SANDERS/YATES/WATSON/MCKINZIE/CALHOUN
2InSUSFsTCCvwt3MH1KSh0	"\"Space Oddity (From \"\"Metal Gear Solid\"\")\""	SPACEODITY		100126092	SPACE ODDITY	BOWIE DAVID
3CAPWlE09TVzI7MOOoPN2l	Nutcracker Suite, Op. 71a : 3. Waltz of the Flowers	NUTCRACKERSUITEOP71A3WALT		137246848	NUTCRACKER SUITE OP 71A 3 WALTZ OF THE FLOWERS	TCHAIKOVSKY
3AQL6uB8zw4sN8NIcxiqR7	Red Room	REDROOM		144749262	RED ROOM	ROSENBERG ARIEL MARCUS
0TWbgdH5XlVP3PJpfefkga	Cameroon	CAMEROON		114275633	CAMEROON	MASUKA DOROTHY MANYANDO
5wrv56vjZuxuXMpTmDMyBP	Open Your Soul & Life of Illusion	OPENYOURSOUL&LIFEOFILUSIO		152695977	OPEN YOUR SOUL & LIFE OF ILLUSION	NIEZNANY/MARCO RINALDO
1ZCAtBFscp2W7wXzOb7cUr	Crying Time	CRYINTIME		139234380	CRYING TIME	WILLIAM OMALLEY
6kw4nS6uZNghUTlcJv5waS	Winter Wasteland	WINTERWASTELAND		153912450	WINTER WASTELAND	MAKE DO AND MEND
31yJZPorveMG6c4Z4pej4e	Charlie	CHARLIE		135918219	CHARLIE	BARTHE DENIS (AKA NOIR DESIR)
5zAQ3C9Iyp0lF4Dtzwb8SL	After Dinner	AFTERDINER		135506198	AFTER DINNER	ABOU-KHALIL RABIH
3hxNNDSypE7vU4f92njUMZ	Huckleberry Crumble	HUCKLEBERYCRUMBLE		139438871	HUCKLEBERRY CRUMBLE	DELEO D/DELEO R/WEILAND S
2n1aBjdioV9UsgkrpG1gog	Senseless	SENSELES		104501236	SENSELESS	BARKER NICHOLAS PAUL
0OUOJdINh3rm8vjt6GFi1A	The Starship Avalon (Main Title)	STARSHIPAVALON		151118046	THE STARSHIP AVALON (MAIN TITLE)	NEWMAN THOMAS MONTGOMERY
1rhgyeqAYyEbrL4yoUvGXu	Louder	LOUDER		150745546	DRUNKEN MASTERS - LOUDER (FEAT. PORTUGAL THE MAN)	GOURLEY J/ESSER J/GEHRING J/RABAI C
2yDU9POxlbLzQMpxtvXyMI	Sonata No. 30 in E Major, Op. 109: I. Vivace, ma non troppo - Remastered	SONATANO30INEMAJOROP109IV		152110302	SONATA NO. 30 IN E MAJOR, OP. 109: I. VIVACE, MA NON TROPPO	LUDWIG VAN BEETHOVEN/FRANK DE LA MORA MI
4mBttyjC6jGoCyvR334Cw6	Bossa Nova Supernova	BOSANOVASUPERNOVA		133991260	BOSSA NOVA SUPERNOVA	PRITCHARD M/BRINKWORTH D
4Up3wFpffIfVz2hWK89fok	Llove	LOVE		141913305	LLOVE	BJARNSON F/MITS S/RADDON R/HANCOCK J
503oeM4t2frMKoRvbvBJrL	Nocturne No. 5 in B-Flat Major, H. 37 (Arr. for Clarinet & Piano)	NOCTURNENO5INBFLATMAJORH3		152112624	NOCTURNE NO. 5 IN B-FLAT MAJOR, H. 37 (ARR. FOR CLARINET & P	JOHN FIELD/GIACOMO GABRIELLI
2nw9VVlb4NEE28cjj0WdMl	Rough And Tumble Heart	ROUGH&TUMBLEHEART		109171523	ROUGH AND TUMBLE HEART	DI PIERO R/HOGIN S/TILLIS P
221UZPVC87Vvp1WxAuDKlW	Mindfulness Meditation Exercises - Nature Sounds at Night	MINDFULNESMEDITATIONEXERC		149312235	MINDFULNESS MEDITATION EXERCISES - NATURE SOUNDS AT NIGHT	SACCHETTO GIULIANO
2snYkQ57QayKrDDGX9ztgF	Invencible	INVENCIBLE		148299476	INVENCIBLE	ROMAN TORRES/RENEE SUAREZ/ROMAN TORRES R
1rAesyUHFWf8M7kthaToDT	The Wind and the Rain	WIND&RAIN		102400264	WIND AND RAIN	THOMAS MICHAEL JAMES
3M3V2tL47fYqoB5PauGrIo	Green Apples	GREENAPLE		113608443	GREEN APPLES	KREVIAZUK CHANTAL
3uQYmppnt0r5Ven8VurNyx	Blue Skies	BLUESKIE		101931377	BLUE SKIES	WEST CHRISTOPHER RICHARD
7pNVJuR5zjKja2CwdIrDJc	How Strange	HOWSTRANGE		135656720	HOW STRANGE	DEMPSEY DAMIEN JUDE PATRICK
0WUg5fk4x0vIRQU8jFacH8	Dybbuk - Complete Ballet: Part III: Possession	DYBUKCOMPLETEBALETPTIIIPO		152854131	DYBBUK - COMPLETE BALLET: PART III: POSSESSION	LEONARD BERNSTEIN
3mjzVmRaOQvCRPztINZThz	Armenian Duduk: Forest and Birds	ARMENIANDUDUKFOREST&BIRD		151347760	ARMENIAN DUDUK: FOREST AND BIRDS	MARCO RINALDO/NIEZNANY
0hamSAgzh2WP42nAppgdHv	Featherlight	FEATHERLIGHT		135836916	FEATHERLIGHT	BOSHER M/BOSHER D
4d9aF6f0kmrHjPi8YRzxa5	Bernie	BERNIE		108721935	BERNIE	DOTY K/EDWARDS G
1yev2XI7Q2STcnHC5McfF0	Guardian Angel/Guiding Light	GUARDIANANGELGUIDINLIGHT		115462429	GUARDIAN ANGEL/GUIDING LIGHT	POTGER KEITH LEON
1TSZjXMLBOfiWxejZnlIr7	Too Strung Up	TOOSTRUNGUP		153006783	TOO STRUNG UP	MEFFAN A/DAVEY A
6ukdCR332Ramx3X0gLA5FE	I Pull My Gun Once	IPULMYGUNONCE		147723863	I PULL MY GUN ONCE	JAM EL MAR/MARK SPOON
652mEzc7Ne12nYHkwkampw	Shooting Star	SHOOTINSTAR		116480828	SHOOTING STAR	BAXTER LES
2xddCMVLUGmiWVLCxFXpBq	How Can I Pray When I Don't Believe	HOWCANIPRAYWHENIDONTBELIE		146168349	HOW CAN I PRAY WHEN I DON'T BELIEVE	GORAN LAGERBERG/ADRIAN MOAR
79YpqwBKqkRgTbEcKMHBuj	Italian Restaurant	ITALIANRESTAURANT		150898517	ITALIAN RESTAURANT	MARCO RINALDO/NIEZNANY
3SYVUv0uygsNGyZ9s1AXbE	Shadows	SHADOW		145853927	SHADOWS	ERROR UNHANDLED CHARACTERS IN TEXT DE/ST
37WIQ5vOWq96eachOOYDuH	Legend	LEGEND		148380196	LEGEND	WARNER AMELIA CATHERINE
61cygfCULkzTnHBp4Ff6WG	Balance	BALANCE		154318449	BALANCE	ROBERT FUNK
10jmf7hgNQb5z4dwvK084S	Never Would Have Thought It	NEVERWOULDHAVETHOUGHTIT		149110137	NEVER WOULD HAVE THOUGHT IT	BOBBY RUSH
6HK5RYDB1njyKTVbK7rX6j	Magic Beans	MAGICBEAN		139433561	MAGIC BEANS	WARD S/OLIVER J
0NiG0BTf7saJINZdyk3Mwe	Learning	LEARNIN		139940718	LEARNING	ANTHONY J SHOWALTER/MTHUNZI NAMBA
4Y1wrEOONrMegBEQ69XnMa	No Other Name	NOOTHERNAME		102254257	NO OTHER NAME	STOOKEY NOEL C PAUL
6d99rteulH6Q6eJko26D6D	Taking A Chance On Love	TAKINCHANCEONLOVE		144350480	TAKING CHANCE ON LOVE	DUKE/LATOUCHE/FETTER
4zSW3E0qHk9ojQEb6DwZ5x	Proseche	PROSECHE		142529941	PROSECHE	ILIAS FILIPPOU/STELIOS LAZAROU
2wAJTrFhCnQyNSD3oUgTZO	Work Out	WORKOUT		141372545	WORK OUT	COLE/BEN/WOLFF/WEST/RAINEY/STEPHENS/KANT
1w5ZPQOZ2xaQtc4ZrpiZ6F	The Best Disco in Town	BESTDISCOINTOWN		145845478	THE BEST DISCO IN TOWN	BELOLO/BELOLO/HURTT/HURTT/MORALI/MORALI
3CeWWjKy2ck7yB5pFq6ZEG	Milk Cow Blues	MILKCOWBLUE		102623927	MILK COW BLUES	ARNOLD KOKOMO
2wCBWDwPSyp8DN27jCxXkb	Captain Planet	CAPTAINPLANET		133482261	CAP'TAIN PLANET	RENARD J/SALVA M
6tnKsxXjiOr6v0GgN5rixB	Already Gone (Originally Performed by the Eagles)	ALREADYGONE		102127230	ALREADY GONE	TEMPCHIN J/STRANDLUND R
6DWxk8sh7dNTGLGZQSOHhw	The Cosmic Heart	COSMICHEART		152678081	THE COSMIC HEART	BARRY RICHARD GOLDSTEIN
4NOMZBtqxEBVSMQEBhSuxh	Muttetta antica	MUTETAANTICA		103124497	MUTTETTA ANTICA	REITANO F/REITANO B/RODA A/ALAMPI G
0SzV7u67QDDBaGpgihkjP8	Takbiran	TAKBIRAN		146659896	TAKBIRAN	ANONYMOUS/ISMET RUCHIMAT
1jzlAJsPNPJB2gKR84um0H	Doin' It Wrong	DOINITWRONG		102295449	DOING IT WRONG	WEIDEMAN ERIC PETER
3lYajdG8iz6LgFJbQ9oLQN	Au Revoir - Auf Wiedersehen	AUREVOIRAUFWIEDERSEHEN		124513326	AU REVOIR AUF WIEDERSEHEN	KEIZER J/VEERMAN J/TUIJP J
43WaHxk0ExWRdiDzQNmBYZ	Sugar Box	SUGARBOX		139455157	SUGAR BOX	BARAC C/SYMONS J/HARVEY C/GRIFFITHS D
2hCeyomux4cPBYNriygKUS	Bedouin Dress	BEDOUINDRES		138691181	BEDOUIN DRESS	PECKNOLD ROBIN NOEL
3nI8BtKM8FwNyUwO04eVhk	Freedom Jazz Dance (Evolution of the Groove)	FREEDOMJAZDANCE		141409497	FREEDOM JAZZ DANCE	HARRIS
3gFQXBRYumfPqQ0SOl7p8G	Ma tu non passi mai	MATUNONPASIMAI		143030957	MA TU NON PASSI MAI	FRANCESCO SILVESTRE
7KnGGo3Q2A1fQVQEIKvErm	Perisai Kehidupan	PERISAIKEHIDUPAN		149353292	PERISAI KEHIDUPAN	JOCKIE SURYOPRAYOGO
7J1QgFpmefJGGihXnwiZfl	What's Left Behind	WHATSLEFTBEHIND		153932739	WHAT S LEFT BEHIND	CLARK C/VANACORE D
0eUiHZiEkeMbh2alketeOv	Meant For Me	MEANTFORME		154267710	MEANT FOR ME	MANN T/LI B
0iR5A7yV9NAsvdiUMTnyH3	Chehadine Ya Baladna	CHEHADINEYABALADNA		149446137	CHEHADINE YA BALADNA	ELIAS RAHBANI/MICHEL TOHME
1N6OJLYKXyZfJBt3Kf9UYc	Cat Walk (with Flaco JimÃ©nez)	CATWALK		109076993	CAT WALK	PARNELL L/JIMENEZ L
5EgSyVU6aWicmT8tMxbh03	Take It Back	TAKEITBACK		153996511	TAKE IT BACK	CHANCE MCKINNEY
6PL0JnYO0MpHJFB0i6JZbB	I Don't Want To Call It Goodbye	IDONTWANTTOCALITGOODBYE		151778096	I DON'T WANT TO CALL IT GOODBYE	RALPH S/ANDREWS K/MOULD R
5sXdLRNhAP1Hxv0uw4aszN	Small Ambulance	SMALAMBULANCE		134110549	SMALL AMBULANCE	JOERGENSEN/TERKELSBOEL/WOHLERT/MADSEN
7AfBE1UDOoBYk67CE86cnY	Bewitched, Bothered and Bewildered	BEWITCHEDBOTHERED&BEWILDE		102042294	BEWITCHED BOTHERED AND BEWILDERED (FR: PAL JOEY)	RODGERS R/HART L
0aKQC9e91ZqaWlBPVPkI1N	Indifferentemente	INDIFERENTEMENTE		102506395	INDIFFERENTEMENTE	MAZZOCCO S/MARTUCCI U
4FnKoHkTMjF50lZgzJ97wY	Eleanor 60	ELEANOR60		145576997	ELEANOR 60	ALEXANDER MANZANO
43VODMHKJ75ocmUC66ssvK	Cut You In	CUTYOUIN		116204256	CUT YOU IN	CANTRELL JERRY FULTON JR
4oT0MlQijy24U5FBSDTr69	Ricky Bobby	RICKYBOBY		153309616	RICKY BOBBY	ROMVN
5IO5VgbqK6i4kEVLtjbbZZ	Born To Kill	BORNTOKIL		139034044	BORN TO KILL	O'KEEFFE JOEL FRANCIS
6fO89POwgsJbDj8Wn1mCmt	Confident Journey	CONFIDENTJOURNEY		154345572	CONFIDENT JOURNEY	WALKER C/EYERER M/POHL M
4RN9ngy6irGId8ZJocsADB	Birds	BIRD		136830106	BIRDS	TORRINI E/CAREY D
2p1dSZMEKvocJ0KNixe5v8	Bold and Black	BOLD&BLACK		110377336	BOLD AND BLACK	HARRIS E/LAGUNOFF M
616iKp4C8dXRN9hxpeHKeq	Stage II (å±åãååº«)	STAGEII		149113489	STAGE II	CAPCOM SOUND TEAM
7uNNjZQSmyZuJ64YL1YfAN	Goodbye Girl	GOODBYEGIRL		101102295	GOODBYE GIRL	GATES DAVID ASHWORTH
6holGuk1jKHTdWyWBOZi8l	My Generation	MYGENERATION		123296832	MY GENERATION	DIMANT/DURST/RIVERS/BORLAND/OTTO
3TRS4s3nKghYBRN0A96Bxo	So Sad	SOSAD		100424220	SO SAD	FAITHFULL M/REYNOLDS B/YORK S
45RvCCiZVCsm7IREzpzJxx	My Prayer	MYPRAYER		144431908	MY PRAYER	JIMME ONEILL
1UPPZqnsMpVsc0ZNHmOMXe	I'm Leaving feat. Anthony Mills	IMLEAVINFEATANTHONYMIL		139838704	I'M LEAVING FEAT. ANTHONY MILLS	DREW HORLEY
74ytfnp18eIMQ235LndARF	7/8 Not Too Late	78NOTTOOLATE		146539571	7/8 NOT TOO LATE	BARTON WILLIAM NORMAN
64kKPXrENKTvpzxl0qLaBD	Sunday Kind Of Love	SUNDAYKINDOFLOVE		141961009	SUNDAY KIND OF LOVE	BARBARA BELLE ANITA LEONARD LOUIS PRIMA
7Aeo5Qxsmb1A8g9TLB2Hdg	Hou My Vas	HOUMYVA		144389119	HOU MY VAS	JOE FERREIRA
1G7AYvz95ouZmRlMYna97i	The Channel	CHANEL		133830077	CHANNEL	DURST F/BORLAND W/RIVERS S/OTTO J
408h4oa9ryr44YGJqJmdDP	Piano Concerto No. 1 in C Major, Op. 15 : 3. Rondo (Allegro scherzando)	PIANOCONCERTONO1INCMAJORO		443593575	PIANO CONCERTO IN C MAJOR (OP 15)	BEETHOVEN LUDWIG VAN
667tbVZvnYHOyDOFbEZtnV	Operation Margarine	OPERATIONMARGARINE		151060402	OPERATION MARGARINE	ROBERTS G/FORSHAW J
2eqWp5xGwegOPMxQSA1CJS	The Ghosts	GHOST		148061371	GHOSTS	GOLD MURRAY JONATHAN
47H8NFQgMR0mAX6eiJSc5r	Hacked My Instagram	HACKEDMYINSTAGRAM		153550898	HACKED MY INSTAGRAM	JENKS JORDAN TIMOTHY
10mt6qEMgy09wrkYSSMDve	O Rahi Re	ORAHIRE		140804638	O RAHI RE	MENDONSA L/NOORANI E/MAHADEVAN S/AKHTAR
72pCDs1X22MUO8zTTazm8r	Baby Hold On To Me (Slow Jams Version)	BABYHOLDONTOME		106768965	BABY HOLD ON TO ME	NICHOLAS E/LEVERT G
2JCUUOXc042Sso3bke1nNT	Best Times	BESTTIME		108669264	BEST TIMES OF OUR LIVES	GEYER R/CROUCH K
0zg9Szskaf0GRfljxk3fr7	Spring Music	SPRINMUSIC		126466834	SPRING MUSIC	SIMON L/NORMAN M
76s6kLtOexp16pNNedVS8l	Freedom Fighters	FREEDOMFIGHTER		129837157	FREEDOM FIGHTERS	WASHINGTON DELROY
0aYv4f0mxsMKdeHmeucT8I	The Left-Sock Thievers	LEFTSOCKTHIEVER		123556062	LEFT SOCK THIEVES	GEISEL T/PODDANY E
6Db0hvSEfFSYUpunsDUVPT	Superman	SUPERMAN		153552547	SUPERMAN	CARPENTER MARY CHAPIN
5CGJ8rHpXBYgn9IpXOUh00	A Glimpse Of Happiness	GLIMPSEOFHAPINES		143370146	A GLIMPSE OF HAPPINESS	LUNN JOHN LAWRENCE
46xlEXt0Jc5VHGYLG2HlpZ	Aviation	AVIATION		149190955	AVIATION	KANE M/TURNER A
4VVjzMHobLHTJES2J75jBv	Kontaminazione	KONTAMINAZIONE		141940860	KONTAMINAZIONE	BIGI E/D'ERRICO P
5z0fDP6XZqF2uTJHQpjDnJ	Soft Hand	SOFTHAND		133288453	SOFT HAND	FISHER ROBERT NEILL
79U2Ec6M3fNVPuRVJFi3nZ	Wrong Reasons	WRONGREASON		145469722	WRONG REASONS	TONY CATANIA/ERNEST BORDON PKA EBGB
3ESWV2FpjPxGMsRF256o0W	Trendsetter (feat. Jake La Furia)	TRENDSETER		151265711	TRENDSETTER	VIGORELLI F/NONNIS R/VACCA A
5eVeezFaMVuqb1dCd2bAxV	Settle	SETLE		154477388	SETTLE	HARNETT S/NOWELL-USTICKE J
6IMjyamFERATUl9cBGWAIm	"\"Nadaan Parinde (From \"\"Rockstar\"\")\""	NADANPARINDE		152176796	NADAAN PARINDE	A. R. RAHMAN/IRSHAD KAMIL
4tqZI7fMIfmMtJhOpJc0ub	The Hideout	HIDEOUT		146301356	THE HIDEOUT	DERIVIERE OLIVIER JEAN
5uTqwNSbplQbBN6TtJsLSA	Mirror	MIROR		151051397	MIRROR	AMELIA WARNER
7Giz6uMptRmYf6x4VFIKG9	Mamma Got Ass	MAMAGOTAS		133665304	MAMMA GOT ASS	GRAY TERIUS
3Ar2st6ETkOCY3JVZOZBPU	Wavybone (feat. A$AP Rocky, Juicy J, and Bun B)	WAVYBONE		152314060	WAVYBONE (FEAT JUICY J. & UGK)	MAYERS/HOUSTON/DELGADO/BUTLER/FREEMAN/RA
6EXEWhREq79bDFcHxKMSkw	Piosenka na Przebudzenie	PIOSENKANAPRZEBUDZENIE		145717747	PIOSENKA NA PRZEBUDZENIE	JERZY DOBRZYNSKI/ZBIGNIEW KSIAZEK
1qfk9NyUG0KqoRL7o59cAE	No No No	NONONO		107672002	YOU DON'T LOVE ME (NO NO NO)	PENN DAWN MARJORIE
5neS6KQwTVT4tNq1gGT7ry	Unlikely Angel	UNLIKELYANGEL		114452007	UNLIKELY ANGEL	PARTON DOLLY
5WdONyOfrALyuTmaZr9T2k	Wise Men Say	WISEMENSAY		151043845	WISE MEN SAY	NIGEL EVANS
7eiWqPqKvrXme0LsaoXxow	Masques	MASQUE		441178654	PIANO MUSIC (1888-1905) (SPD: DOVER PUBLICATIONS)	DEBUSSY CLAUDE ACHILLE
79zdfO9aDjUkAgRVxwJthx	Love Don't Come Easy	LOVEDONTCOMEEASY		120003662	LOVE DON'T COME EASY	LODGE JOHN CHARLES
2C2usXUC6XJaqYR2XtLEa1	Rabba	RABA		136450872	RABBA	DADLANI V/RAVJIANI S/VISHAL S/KOHLI D
6cFGVTD3wavRKIwJALQJLW	Untitled	UNTITLED		139676048	UNTITLED	RAKS SEAKBOA
2g8u6nukn56yxEF1FthamV	The Eternal Live	ETERNALLIVE		153189571	THE ETERNAL LIVE	DOMINIC RODRIGEZ/RICHARD GARCIA/ALEX HOL
2qsPNPjTaEn9YCbufo1pLl	Beat It	BEATIT		153882319	BEAT IT	NS (PERF BY THE APPLE SCRUFFS)
5ohTs32Q3E1S82ycjLGgCy	Easy to Be Hard	EASYTOBEHARD		103548968	"\"EASY TO BE HARD (FR \"\"HAIR\"\")\""	MACDERMOT A/RAGNI G/RADO J
7FC0tpjQ44hmlrRLD3s9s8	Za sva vremena	ZASVAVREMENA		150706401	ZA SVA VREMENA	OPACIC B/SIMIC KAMBA S
7rM1NcHTjNqlw9c7q58bUz	Wanted	WANTED		102926587	WANTED	FULTON J/STEELE L
4zjPqvs74EE9fOeJ0ZOcaB	Nadie Te AmarÃ¡	NADIETEAMARA		152744779	NADIE TE AMARA	CLAY A/ALBERTO G/MARTINEZ DIAZ A
2jUiweVKAh2zatq2tWiA74	If I Needed You	IFINEEDEDYOU		155922072	IF I NEEDED YOU	ZANDT VAN TOWNES
6hF3Bbk99h1SRzJnIkqmkG	Catherine alÃ©pÃ©e	CATHERINEALEPEE		108123909	CATHERINE ALEPEE	WABOTAY JEAN PAUL
6pmG5vknurSjmsk8sg6KNp	The Cokey Cokey	COKEYCOKEY		146796021	COKEY COKEY	KENNEDY J
5sZnALI7WqlhevAB55Ffp4	Autopilot	AUTOPILOT		147002690	AUTOPILOT	MAY V/PRENDERGAST M/GARRIGAN S/BOLAND J
4sCwz7Uaj5RQckpKrleKH4	Alone Every Night	ALONEEVERYNIGHT		153905814	ALONE EVERY NIGHT	BLAKE TRENORDEN/LUCAS COOPER/NIKOLAOS GA
4gXtFuhEJ20bq9c81XKCx0	Time Again	TIMEAGAIN		105877672	TIME AGAIN	WETTON J/PALMER C/HOWE S/DOWNES G
3H7uTJZOJa16Gyq9FhMdPZ	Tecumtha	TECUMTHA		149481324	TECUMTHA	CREMER ANDREAS/ HANDKE PHILIPP
0CUgrezEJ9dCq79KOaDqUn	Manga	MANGA		150019682	MANGA	HALLET M/LEAVERS D
0sm87WXOrhFUhatKOCrHvG	Idul Fitri	IDULFITRI		149670345	IDUL FITRI	FITRIAN TEUKU ADI
6BKCGe8qWqTkK0GYyrTDUp	Lift Him Up	LIFTHIMUP		312262430	LIFT HIM UP (ATMOS 74)	PETER T/ROBINSON N
6PE6uqN2lXPjiJdq8lB88v	Morning Ride	MORNINRIDE		135400467	MORNING RIDE	VEIKOSO GEORGE BROOKS
7GLA5lGHm7iIoyrpOD3JNF	Ya Tafida	YATAFIDA		150336215	YA TAFIDA	ZIAD BOUTROS/NABIL ABOU ABDO
3KXfXZNNGdYUmHbDOCCLeK	La notte vola	NOTEVOLA		143199440	LA NOTTE VOLA	GIUSEPPE VESSICCHIO/MARCO SALVATI/SILVIO
3OnTbmu6TDe550QOz75Ee9	Shake It and Break It	SHAKEIT&BREAKIT		403057064	SHAKE IT AND BREAK IT	/FRISCO/CHIHA LOUIS FRANK/CLARK H QUALLI
4N0dGiQNY1HGvAaYsVu2l0	"\"Stranger In Paradise - From \"\"Kismet\"\"\""	STRANGERINPARADISEFROMKIS		100275150	STRANGER IN PARADISE	/BORODIN/ARR/FORREST G/WRIGHT R
0vcbecU7yoJuChc7a8WPgY	Trio V en Sol Mineur pour violon, viole et basse continue, TWV 42:g1 (Sechs Trios, Francfort 1718): IV. Allegro	TRIOVENSOLMINEURPOURVIOLO		147426819	TRIO V EN SOL MINEUR POUR VIOLON, VIOLE ET BASSE CONTINUE, T	GEORG PHILIPP TELEMANN
2MDhTF2YzcbXFrTR5S67tx	Living Waters	LIVINWATER		150030330	LIVING WATERS	CASH E/GETTY K
5bCQojVRtIgnI3cJnzLy0Y	Too Much Birthday	TOOMUCHBIRTHDAY		142217720	TOO MUCH BIRTHDAY	PORTUGAL C/MTURNER
44Nyq6PqtAoHwxZ0jzA6aw	I Can't Stop Loving You (Live 1962)	ICANTSTOPLOVINYOU		101747281	I CAN'T STOP LOVING YOU	GIBSON DON EUGENE
7tKb0MiXF2hV93yVjes4uN	Shaneera	SHANEERA		152997922	SHANEERA	ALQADIRI FATIMA M E A Y
74o9JKV3a4Gi0ttc3MFV8G	Love Hurts	LOVEHURT		100406507	LOVE HURTS	BRYANT BOUDLEAUX
7qAr0wJEvjadWyqQbTt50O	Story of Mine	STORYOFMINE		151318885	STORY OF MINE	/DE MARTINO FLAVIO/DEE JAY
5LFYNuqX7XMi6MW6SoOteK	Squirt (Instrumental)	SQUIRT		143005342	SQUIRT	/NECRO/BRAUNSTEIN RON
5YltBVXeXIfkMXXy3JwP8T	Anytime	ANYTIME		151947996	ANYTIME	CAROFIGLIO D/NICOLOSI N
6WFjQiXCpJ9GjXjwvzSa6x	All For Love	ALFORLOVE		111920174	ALL FOR LOVE	MACNEIL RITA
5IsCxVtbVpltLG3TuFozgA	We Trying to Stay Alive	WETRYINTOSTAYALIVE		114288270	WE TRYING TO STAY ALIVE	JEAN/MICHEL/FORTE/GIBB/GIBB/GIBB
1ECEzo4FrcQ6zjkbetkP8m	We Can't Rewind	WECANTREWIND		123652630	WE CAN'T REWIND	HIROSE T/LEE J/NICHOLAS G
4rZfcDF7jSdMIqimxPjKNO	Won My Heart	WONMYHEART		153303743	WON MY HEART	CHEATHAM ZACH
5EmjBlrR2TzVzyveICMllj	Dirty Deeds	DIRTYDEED		100546640	DIRTY DEEDS DONE DIRT CHEAP	SCOTT R/YOUNG A/YOUNG M
7xkwW2qUw5KmcmvKY01mGR	Annie	ANIE		101335238	ANNIE	LANE R/LAMBERT K/CLAPTON E
7o3g9Jz8PMAHHuQyTLdGGO	Fortunate Son	FORTUNATESON		103175927	FORTUNATE SON	FOGERTY JOHN C
3V6VolGV0BpuVKiBiBMNaL	Poo Poo Pee Pee Doo Doo Wee Wee Shitfuk	POOPOOPEEPEEDOODOOWEEWEES		152376807	POO POO PEE PEE DOO DOO WEE WEE SHITFUK	FRIENDLY FIRE DISTRO
7LgDTnjm1rS5EzNsJXUMQ0	Land of the Lost	LANDOFLOST		140110653	LAND OF LOST	UNKNOWN
5Z1ki112ulzbyyYBl7fG1U	Symphony No. 18 in F Major, K. 131: II. Andantino grazioso	SYMPHONYNO18INFMAJORK131I		152380250	SYMPHONY NO. 18 IN F MAJOR, K. 131: II. ANDANTINO GRAZIOSO	WOLFGANG AMADEUS MOZART/MAISTO G
1vs9WljU2zygg0UD9dIGbO	Shine A Light	SHINELIGHT		148306347	SHINE LIGHT (WAVES ON THE BEACH)	NEUROMANCER
3L3npLNJyla2FsTinTxaDR	Ne O Aa Gayya	NEOAGAYA		146203662	NE O AA GAYYA (ORIGINAL)	LALCHAND YAMLA JATT/BALWINDER AASI
3UTTiE8atYk8BELRUW4Gq0	Dub Stavros	DUBSTAVRO		143895580	DUB STAVROS	MURPHY P/POLLARD K
4odVLTG6ocl3GnJaFM2WQ5	Blue Vacation	BLUEVACATION		154674741	BLUE VACATION	WALKER B/MCMAHON A
0pJSeDfoiE8IuFaw3LDbsv	One Night in Reno	ONENIGHTINRENO		134160567	ONE NIGHT IN RENO	HARVEY M/SHORT E/ABRAMS D
0JUHr6bn9634ZvEKG0gyBG	Colonial Sketch No. 1	COLONIALSKETCHNO1		101786528	COLONIAL SKETCH NO.1	GRABOWSKY PAUL ATHERSTONE
7Cptelyl7UEZ1bS4t7rJy8	Bahd Baddo Baddest	BAHDBADOBADEST		151374808	BAHD BADDO BADDEST	UNKNOWN
4niIuTPuW9SmuHJaY1flb6	I Am a Machine (Motivational Speech V2.0)	IAMMACHINE		148832632	I AM MACHINE (EPIC BACKGROUND MUSIC)	MACRI NICHOLAS
6DYd53orMCJP6dNs0hPGen	Trio For Violin, Violoncello And Piano	TRIOFORVIOLINVIOLONCELO&P		153628356	TRIO FOR VIOLIN, VIOLONCELLO AND PIANO	HARRISON BIRTWISTLE
1TPIxA7v09KJTpLwk070Ag	Pretty World Recessional	PRETYWORLDRECESIONAL		144741303	RECESSIONAL	BAKER RICHARD SAMUEL
2NRmyB5womBJjYuXo2t1dd	Close Minded	CLOSEMINDED		121647980	CLOSE MINDED	KIRMAYER/HAMILTON/FAMULA/RIGA/TABBOT
2KropDTIM3SrKLSkvsqkRJ	Guzzler (Kill Light Remix)	GUZLER		146516726	GUZZLER (KILL LIGHT REMIX)	FLORIAN SENFTER
3WkrPV7JTQZA6Bciqy7rvf	Alleluia	ALELUIA		147095943	ALLELUIA	KIMBERLY AND ALBERTO RIVERA
3rKWG5xFNUhwLDpCkdTBrj	Diphonic Water	DIPHONICWATER		152376263	DIPHONIC WATER	GEOFFREY SECCO
24dgc0OPUbQMg8n7fBCtRn	Soul to Skin	SOULTOSKIN		153412566	SOUL TO SKIN	CLARK K/RAMA O/PARKER A/ELLERKER I
10eGmtPvyjSIuvItIqwkU0	La casa sul lago	CASASULLAGO		149436263	LA CASA SUL LAGO	ENNIO MORRICONE
4c31P6y756KIwyeqcUxrm3	Heartly Matters	HEARTLYMATER		155753365	HEARTLY MATTERS	KRISTIN ANNA
5dYjeZvOW93FuVIB86SJe6	Zen Peace	ZENPEACE		148646105	ZEN PEACE	SACCHETTO G
33CcEEyHRkwUp35CCoJz8n	The Demon	DEMON		126833683	DEMON	GRIESHEIMER M/DETERT T
0Eng4x1XF8mCJCGpRsvIyd	Island in Space (Dona Nobis Pacem)	ISLANDINSPACE		142235940	ISLAND IN SPACE (DONA NOBIS PACEM)	KIRKE MECHEM
4A9SATvoRz1dQKoNDGwqTX	Episode	EPISODE		152949859	EPISODE	MAUS JOHN PATRICK
5krsJD8NuXpYyHaYYI03ka	Restless	RESTLES		131458456	RESTLESS	WILSON W/STOVER J
6wz5BtljPUazspEzFd83kY	Any Day Now	ANYDAYNOW		153517588	ANY DAY NOW	THOMAS DOMINIC RUSSELL
5GX8tkDLPgNOtpY9JqdO1X	Dang Me	DANGME		100562086	DANG ME	MILLER ROGER
3DGi3K3Gqbp6qRHbh5YkCx	Another Day, Another Heartache	ANOTHERDAYANOTHERHEARTACH		105311896	ANOTHER DAY ANOTHER HEARTACHE	GREENFIELD H/SEDAKA N
45bpUQf5ryeZTvBpFThetR	Waymaker (Live)	WAYMAKER		150969235	WAY MAKER	OKORO OSINACHI KALU
